Carpeta,Nombre del archivo,Planta,Condición,Saludable
cauliflower-downy_mildew,cauliflower_Downy Mildew. (130).jpg,cauliflower,downy_mildew,No
cauliflower-downy_mildew,cauliflower_Downy Mildew. (94).jpg,cauliflower,downy_mildew,No
cauliflower-downy_mildew,cauliflower_Downy Mildew. (82).jpg,cauliflower,downy_mildew,No
cauliflower-downy_mildew,cauliflower_Downy Mildew. (126).jpg,cauliflower,downy_mildew,No
cauliflower-downy_mildew,cauliflower_Downy Mildew. (4).jpg,cauliflower,downy_mildew,No
cauliflower-downy_mildew,cauliflower_Downy Mildew. (41).jpg,cauliflower,downy_mildew,No
cauliflower-downy_mildew,cauliflower_Downy Mildew. (16).jpg,cauliflower,downy_mildew,No
cauliflower-downy_mildew,cauliflower_Downy Mildew. (57).jpg,cauliflower,downy_mildew,No
cauliflower-downy_mildew,cauliflower_Downy Mildew. (21).jpeg,cauliflower,downy_mildew,No
cauliflower-downy_mildew,cauliflower_Downy Mildew. (20).jpg,cauliflower,downy_mildew,No
cauliflower-downy_mildew,cauliflower_Downy Mildew. (77).jpg,cauliflower,downy_mildew,No
cauliflower-downy_mildew,cauliflower_Downy Mildew. (23).jpeg,cauliflower,downy_mildew,No
cauliflower-downy_mildew,cauliflower_Downy Mildew. (98).jpg,cauliflower,downy_mildew,No
cauliflower-downy_mildew,cauliflower_Downy Mildew. (61).jpg,cauliflower,downy_mildew,No
cauliflower-downy_mildew,cauliflower_Downy Mildew. (36).jpg,cauliflower,downy_mildew,No
cauliflower-downy_mildew,cauliflower_Downy Mildew. (8).jpg,cauliflower,downy_mildew,No
cauliflower-downy_mildew,cauliflower_Downy Mildew. (106).jpg,cauliflower,downy_mildew,No
cauliflower-downy_mildew,cauliflower_Downy Mildew. (110).jpg,cauliflower,downy_mildew,No
cauliflower-downy_mildew,cauliflower_Downy Mildew. (146).jpg,cauliflower,downy_mildew,No
cauliflower-downy_mildew,cauliflower_Downy Mildew. (111).jpg,cauliflower,downy_mildew,No
cauliflower-downy_mildew,cauliflower_Downy Mildew. (9).jpeg,cauliflower,downy_mildew,No
cauliflower-downy_mildew,cauliflower_Downy Mildew. (107).jpg,cauliflower,downy_mildew,No
cauliflower-downy_mildew,cauliflower_Downy Mildew. (9).jpg,cauliflower,downy_mildew,No
cauliflower-downy_mildew,cauliflower_Downy Mildew. (37).jpg,cauliflower,downy_mildew,No
cauliflower-downy_mildew,cauliflower_Downy Mildew. (27).jpeg,cauliflower,downy_mildew,No
cauliflower-downy_mildew,cauliflower_Downy Mildew. (60).jpg,cauliflower,downy_mildew,No
cauliflower-downy_mildew,cauliflower_Downy Mildew. (76).jpg,cauliflower,downy_mildew,No
cauliflower-downy_mildew,cauliflower_Downy Mildew. (99).jpg,cauliflower,downy_mildew,No
cauliflower-downy_mildew,cauliflower_Downy Mildew. (21).jpg,cauliflower,downy_mildew,No
cauliflower-downy_mildew,cauliflower_Downy Mildew. (56).jpg,cauliflower,downy_mildew,No
cauliflower-downy_mildew,cauliflower_Downy Mildew. (18).jpeg,cauliflower,downy_mildew,No
cauliflower-downy_mildew,cauliflower_Downy Mildew. (17).jpg,cauliflower,downy_mildew,No
cauliflower-downy_mildew,cauliflower_Downy Mildew. (25).jpeg,cauliflower,downy_mildew,No
cauliflower-downy_mildew,cauliflower_Downy Mildew. (40).jpg,cauliflower,downy_mildew,No
cauliflower-downy_mildew,cauliflower_Downy Mildew. (5).jpg,cauliflower,downy_mildew,No
cauliflower-downy_mildew,cauliflower_Downy Mildew. (127).jpg,cauliflower,downy_mildew,No
cauliflower-downy_mildew,cauliflower_Downy Mildew. (83).jpg,cauliflower,downy_mildew,No
cauliflower-downy_mildew,cauliflower_Downy Mildew. (95).jpg,cauliflower,downy_mildew,No
cauliflower-downy_mildew,cauliflower_Downy Mildew. (131).jpg,cauliflower,downy_mildew,No
cauliflower-downy_mildew,cauliflower_Downy Mildew. (26).jpg,cauliflower,downy_mildew,No
cauliflower-downy_mildew,cauliflower_Downy Mildew. (71).jpg,cauliflower,downy_mildew,No
cauliflower-downy_mildew,cauliflower_Downy Mildew. (67).jpg,cauliflower,downy_mildew,No
cauliflower-downy_mildew,cauliflower_Downy Mildew. (22).jpeg,cauliflower,downy_mildew,No
cauliflower-downy_mildew,cauliflower_Downy Mildew. (88).jpg,cauliflower,downy_mildew,No
cauliflower-downy_mildew,cauliflower_Downy Mildew. (30).jpg,cauliflower,downy_mildew,No
cauliflower-downy_mildew,cauliflower_Downy Mildew. (100).jpg,cauliflower,downy_mildew,No
cauliflower-downy_mildew,cauliflower_Downy Mildew. (116).jpg,cauliflower,downy_mildew,No
cauliflower-downy_mildew,cauliflower_Downy Mildew. (141).jpg,cauliflower,downy_mildew,No
cauliflower-downy_mildew,cauliflower_Downy Mildew. (136).jpg,cauliflower,downy_mildew,No
cauliflower-downy_mildew,cauliflower_Downy Mildew. (92).jpg,cauliflower,downy_mildew,No
cauliflower-downy_mildew,cauliflower_Downy Mildew. (84).jpg,cauliflower,downy_mildew,No
cauliflower-downy_mildew,cauliflower_Downy Mildew. (120).jpg,cauliflower,downy_mildew,No
cauliflower-downy_mildew,cauliflower_Downy Mildew. (2).jpg,cauliflower,downy_mildew,No
cauliflower-downy_mildew,cauliflower_Downy Mildew. (47).jpg,cauliflower,downy_mildew,No
cauliflower-downy_mildew,cauliflower_Downy Mildew. (20).jpeg,cauliflower,downy_mildew,No
cauliflower-downy_mildew,cauliflower_Downy Mildew. (10).jpg,cauliflower,downy_mildew,No
cauliflower-downy_mildew,cauliflower_Downy Mildew. (51).jpg,cauliflower,downy_mildew,No
cauliflower-downy_mildew,cauliflower_Downy Mildew. (50).jpg,cauliflower,downy_mildew,No
cauliflower-downy_mildew,cauliflower_Downy Mildew. (24).jpeg,cauliflower,downy_mildew,No
cauliflower-downy_mildew,cauliflower_Downy Mildew. (11).jpg,cauliflower,downy_mildew,No
cauliflower-downy_mildew,cauliflower_Downy Mildew. (19).jpeg,cauliflower,downy_mildew,No
cauliflower-downy_mildew,cauliflower_Downy Mildew. (46).jpg,cauliflower,downy_mildew,No
cauliflower-downy_mildew,cauliflower_Downy Mildew. (3).jpg,cauliflower,downy_mildew,No
cauliflower-downy_mildew,cauliflower_Downy Mildew. (121).jpg,cauliflower,downy_mildew,No
cauliflower-downy_mildew,cauliflower_Downy Mildew. (85).jpg,cauliflower,downy_mildew,No
cauliflower-downy_mildew,cauliflower_Downy Mildew. (93).jpg,cauliflower,downy_mildew,No
cauliflower-downy_mildew,cauliflower_Downy Mildew. (137).jpg,cauliflower,downy_mildew,No
cauliflower-downy_mildew,cauliflower_Downy Mildew. (140).jpg,cauliflower,downy_mildew,No
cauliflower-downy_mildew,cauliflower_Downy Mildew. (117).jpg,cauliflower,downy_mildew,No
cauliflower-downy_mildew,cauliflower_Downy Mildew. (101).jpg,cauliflower,downy_mildew,No
cauliflower-downy_mildew,cauliflower_Downy Mildew. (8).jpeg,cauliflower,downy_mildew,No
cauliflower-downy_mildew,cauliflower_Downy Mildew. (31).jpg,cauliflower,downy_mildew,No
cauliflower-downy_mildew,cauliflower_Downy Mildew. (66).jpg,cauliflower,downy_mildew,No
cauliflower-downy_mildew,cauliflower_Downy Mildew. (89).jpg,cauliflower,downy_mildew,No
cauliflower-downy_mildew,cauliflower_Downy Mildew. (70).jpg,cauliflower,downy_mildew,No
cauliflower-downy_mildew,cauliflower_Downy Mildew. (27).jpg,cauliflower,downy_mildew,No
cauliflower-downy_mildew,cauliflower_Downy Mildew. (26).jpeg,cauliflower,downy_mildew,No
cauliflower-downy_mildew,cauliflower_Downy Mildew. (143).jpg,cauliflower,downy_mildew,No
cauliflower-downy_mildew,cauliflower_Downy Mildew. (114).jpg,cauliflower,downy_mildew,No
cauliflower-downy_mildew,cauliflower_Downy Mildew. (102).jpg,cauliflower,downy_mildew,No
cauliflower-downy_mildew,cauliflower_Downy Mildew. (17).jpeg,cauliflower,downy_mildew,No
cauliflower-downy_mildew,cauliflower_Downy Mildew. (49).jpg,cauliflower,downy_mildew,No
cauliflower-downy_mildew,cauliflower_Downy Mildew. (4).jpeg,cauliflower,downy_mildew,No
cauliflower-downy_mildew,cauliflower_Downy Mildew. (32).jpg,cauliflower,downy_mildew,No
cauliflower-downy_mildew,cauliflower_Downy Mildew. (65).jpg,cauliflower,downy_mildew,No
cauliflower-downy_mildew,cauliflower_Downy Mildew. (73).jpg,cauliflower,downy_mildew,No
cauliflower-downy_mildew,cauliflower_Downy Mildew. (138).jpg,cauliflower,downy_mildew,No
cauliflower-downy_mildew,cauliflower_Downy Mildew. (24).jpg,cauliflower,downy_mildew,No
cauliflower-downy_mildew,cauliflower_Downy Mildew. (53).jpg,cauliflower,downy_mildew,No
cauliflower-downy_mildew,cauliflower_Downy Mildew. (118).jpg,cauliflower,downy_mildew,No
cauliflower-downy_mildew,cauliflower_Downy Mildew. (12).jpg,cauliflower,downy_mildew,No
cauliflower-downy_mildew,cauliflower_Downy Mildew. (31).jpeg,cauliflower,downy_mildew,No
cauliflower-downy_mildew,cauliflower_Downy Mildew. (6).jpeg,cauliflower,downy_mildew,No
cauliflower-downy_mildew,cauliflower_Downy Mildew. (45).jpg,cauliflower,downy_mildew,No
cauliflower-downy_mildew,cauliflower_Downy Mildew. (15).jpeg,cauliflower,downy_mildew,No
cauliflower-downy_mildew,cauliflower_Downy Mildew. (122).jpg,cauliflower,downy_mildew,No
cauliflower-downy_mildew,cauliflower_Downy Mildew. (86).jpg,cauliflower,downy_mildew,No
cauliflower-downy_mildew,cauliflower_Downy Mildew. (69).jpg,cauliflower,downy_mildew,No
cauliflower-downy_mildew,cauliflower_Downy Mildew. (90).jpg,cauliflower,downy_mildew,No
cauliflower-downy_mildew,cauliflower_Downy Mildew. (28).jpeg,cauliflower,downy_mildew,No
cauliflower-downy_mildew,cauliflower_Downy Mildew. (28).jpg,cauliflower,downy_mildew,No
cauliflower-downy_mildew,cauliflower_Downy Mildew. (134).jpg,cauliflower,downy_mildew,No
cauliflower-downy_mildew,cauliflower_Downy Mildew. (135).jpg,cauliflower,downy_mildew,No
cauliflower-downy_mildew,cauliflower_Downy Mildew. (29).jpg,cauliflower,downy_mildew,No
cauliflower-downy_mildew,cauliflower_Downy Mildew. (11).jpeg,cauliflower,downy_mildew,No
cauliflower-downy_mildew,cauliflower_Downy Mildew. (91).jpg,cauliflower,downy_mildew,No
cauliflower-downy_mildew,cauliflower_Downy Mildew. (87).jpg,cauliflower,downy_mildew,No
cauliflower-downy_mildew,cauliflower_Downy Mildew. (68).jpg,cauliflower,downy_mildew,No
cauliflower-downy_mildew,cauliflower_Downy Mildew. (123).jpg,cauliflower,downy_mildew,No
cauliflower-downy_mildew,cauliflower_Downy Mildew. (1).jpg,cauliflower,downy_mildew,No
cauliflower-downy_mildew,cauliflower_Downy Mildew. (44).jpg,cauliflower,downy_mildew,No
cauliflower-downy_mildew,cauliflower_Downy Mildew. (13).jpg,cauliflower,downy_mildew,No
cauliflower-downy_mildew,cauliflower_Downy Mildew. (119).jpg,cauliflower,downy_mildew,No
cauliflower-downy_mildew,cauliflower_Downy Mildew. (52).jpg,cauliflower,downy_mildew,No
cauliflower-downy_mildew,cauliflower_Downy Mildew. (2).jpeg,cauliflower,downy_mildew,No
cauliflower-downy_mildew,cauliflower_Downy Mildew. (25).jpg,cauliflower,downy_mildew,No
cauliflower-downy_mildew,cauliflower_Downy Mildew. (139).jpg,cauliflower,downy_mildew,No
cauliflower-downy_mildew,cauliflower_Downy Mildew. (72).jpg,cauliflower,downy_mildew,No
cauliflower-downy_mildew,cauliflower_Downy Mildew. (64).jpg,cauliflower,downy_mildew,No
cauliflower-downy_mildew,cauliflower_Downy Mildew. (33).jpg,cauliflower,downy_mildew,No
cauliflower-downy_mildew,cauliflower_Downy Mildew. (48).jpg,cauliflower,downy_mildew,No
cauliflower-downy_mildew,cauliflower_Downy Mildew. (103).jpg,cauliflower,downy_mildew,No
cauliflower-downy_mildew,cauliflower_Downy Mildew. (115).jpg,cauliflower,downy_mildew,No
cauliflower-downy_mildew,cauliflower_Downy Mildew. (142).jpg,cauliflower,downy_mildew,No
cauliflower-downy_mildew,cauliflower_Downy Mildew. (13).jpeg,cauliflower,downy_mildew,No
cauliflower-downy_mildew,cauliflower_Downy Mildew. (55).jpg,cauliflower,downy_mildew,No
cauliflower-downy_mildew,cauliflower_Downy Mildew. (30).jpeg,cauliflower,downy_mildew,No
cauliflower-downy_mildew,cauliflower_Downy Mildew. (7).jpeg,cauliflower,downy_mildew,No
cauliflower-downy_mildew,cauliflower_Downy Mildew. (14).jpg,cauliflower,downy_mildew,No
cauliflower-downy_mildew,cauliflower_Downy Mildew. (108).jpg,cauliflower,downy_mildew,No
cauliflower-downy_mildew,cauliflower_Downy Mildew. (43).jpg,cauliflower,downy_mildew,No
cauliflower-downy_mildew,cauliflower_Downy Mildew. (6).jpg,cauliflower,downy_mildew,No
cauliflower-downy_mildew,cauliflower_Downy Mildew. (29).jpeg,cauliflower,downy_mildew,No
cauliflower-downy_mildew,cauliflower_Downy Mildew. (38).jpg,cauliflower,downy_mildew,No
cauliflower-downy_mildew,cauliflower_Downy Mildew. (124).jpg,cauliflower,downy_mildew,No
cauliflower-downy_mildew,cauliflower_Downy Mildew. (80).jpg,cauliflower,downy_mildew,No
cauliflower-downy_mildew,cauliflower_Downy Mildew. (96).jpg,cauliflower,downy_mildew,No
cauliflower-downy_mildew,cauliflower_Downy Mildew. (79).jpg,cauliflower,downy_mildew,No
cauliflower-downy_mildew,cauliflower_Downy Mildew. (14).jpeg,cauliflower,downy_mildew,No
cauliflower-downy_mildew,cauliflower_Downy Mildew. (132).jpg,cauliflower,downy_mildew,No
cauliflower-downy_mildew,cauliflower_Downy Mildew. (145).jpg,cauliflower,downy_mildew,No
cauliflower-downy_mildew,cauliflower_Downy Mildew. (59).jpg,cauliflower,downy_mildew,No
cauliflower-downy_mildew,cauliflower_Downy Mildew. (112).jpg,cauliflower,downy_mildew,No
cauliflower-downy_mildew,cauliflower_Downy Mildew. (16).jpeg,cauliflower,downy_mildew,No
cauliflower-downy_mildew,cauliflower_Downy Mildew. (104).jpg,cauliflower,downy_mildew,No
cauliflower-downy_mildew,cauliflower_Downy Mildew. (18).jpg,cauliflower,downy_mildew,No
cauliflower-downy_mildew,cauliflower_Downy Mildew. (128).jpg,cauliflower,downy_mildew,No
cauliflower-downy_mildew,cauliflower_Downy Mildew. (34).jpg,cauliflower,downy_mildew,No
cauliflower-downy_mildew,cauliflower_Downy Mildew. (63).jpg,cauliflower,downy_mildew,No
cauliflower-downy_mildew,cauliflower_Downy Mildew. (75).jpg,cauliflower,downy_mildew,No
cauliflower-downy_mildew,cauliflower_Downy Mildew. (5).jpeg,cauliflower,downy_mildew,No
cauliflower-downy_mildew,cauliflower_Downy Mildew. (22).jpg,cauliflower,downy_mildew,No
cauliflower-downy_mildew,cauliflower_Downy Mildew. (23).jpg,cauliflower,downy_mildew,No
cauliflower-downy_mildew,cauliflower_Downy Mildew. (74).jpg,cauliflower,downy_mildew,No
cauliflower-downy_mildew,cauliflower_Downy Mildew. (1).jpeg,cauliflower,downy_mildew,No
cauliflower-downy_mildew,cauliflower_Downy Mildew. (62).jpg,cauliflower,downy_mildew,No
cauliflower-downy_mildew,cauliflower_Downy Mildew. (35).jpg,cauliflower,downy_mildew,No
cauliflower-downy_mildew,cauliflower_Downy Mildew. (129).jpg,cauliflower,downy_mildew,No
cauliflower-downy_mildew,cauliflower_Downy Mildew. (12).jpeg,cauliflower,downy_mildew,No
cauliflower-downy_mildew,cauliflower_Downy Mildew. (19).jpg,cauliflower,downy_mildew,No
cauliflower-downy_mildew,cauliflower_Downy Mildew. (105).jpg,cauliflower,downy_mildew,No
cauliflower-downy_mildew,cauliflower_Downy Mildew. (113).jpg,cauliflower,downy_mildew,No
cauliflower-downy_mildew,cauliflower_Downy Mildew. (58).jpg,cauliflower,downy_mildew,No
cauliflower-downy_mildew,cauliflower_Downy Mildew. (144).jpg,cauliflower,downy_mildew,No
cauliflower-downy_mildew,cauliflower_Downy Mildew. (133).jpg,cauliflower,downy_mildew,No
cauliflower-downy_mildew,cauliflower_Downy Mildew. (97).jpg,cauliflower,downy_mildew,No
cauliflower-downy_mildew,cauliflower_Downy Mildew. (78).jpg,cauliflower,downy_mildew,No
cauliflower-downy_mildew,cauliflower_Downy Mildew. (10).jpeg,cauliflower,downy_mildew,No
cauliflower-downy_mildew,cauliflower_Downy Mildew. (81).jpg,cauliflower,downy_mildew,No
cauliflower-downy_mildew,cauliflower_Downy Mildew. (125).jpg,cauliflower,downy_mildew,No
cauliflower-downy_mildew,cauliflower_Downy Mildew. (39).jpg,cauliflower,downy_mildew,No
cauliflower-downy_mildew,cauliflower_Downy Mildew. (7).jpg,cauliflower,downy_mildew,No
cauliflower-downy_mildew,cauliflower_Downy Mildew. (42).jpg,cauliflower,downy_mildew,No
cauliflower-downy_mildew,cauliflower_Downy Mildew. (3).jpeg,cauliflower,downy_mildew,No
cauliflower-downy_mildew,cauliflower_Downy Mildew. (109).jpg,cauliflower,downy_mildew,No
cauliflower-downy_mildew,cauliflower_Downy Mildew. (15).jpg,cauliflower,downy_mildew,No
cauliflower-downy_mildew,cauliflower_Downy Mildew. (54).jpg,cauliflower,downy_mildew,No
cucumber-healthy,cucumber_IMG20200629183258.jpg,cucumber,healthy,Sí
cucumber-healthy,cucumber_photo_2020-06-28_00-10-22.jpg,cucumber,healthy,Sí
cucumber-healthy,cucumber_photo_2020-06-28_00-00-42 (2).jpg,cucumber,healthy,Sí
cucumber-healthy,cucumber_photo_2020-06-28_00-00-33.jpg,cucumber,healthy,Sí
cucumber-healthy,cucumber_photo_2020-06-28_00-09-03.jpg,cucumber,healthy,Sí
cucumber-healthy,cucumber_IMG20200629183106.jpg,cucumber,healthy,Sí
cucumber-healthy,cucumber_IMG20200629183112.jpg,cucumber,healthy,Sí
cucumber-healthy,cucumber_photo_2020-06-28_00-00-30 (2).jpg,cucumber,healthy,Sí
cucumber-healthy,cucumber_IMG20200629183338.jpg,cucumber,healthy,Sí
cucumber-healthy,cucumber_IMG20200629183113.jpg,cucumber,healthy,Sí
cucumber-healthy,cucumber_IMG20200629183107.jpg,cucumber,healthy,Sí
cucumber-healthy,cucumber_photo_2020-06-28_00-09-02.jpg,cucumber,healthy,Sí
cucumber-healthy,cucumber_photo_2020-06-28_00-00-32.jpg,cucumber,healthy,Sí
cucumber-healthy,cucumber_photo_2020-06-28_00-09-16.jpg,cucumber,healthy,Sí
cucumber-healthy,cucumber_photo_2020-06-28_00-10-23.jpg,cucumber,healthy,Sí
cucumber-healthy,cucumber_photo_2020-06-28_00-11-29 (2).jpg,cucumber,healthy,Sí
cucumber-healthy,cucumber_photo_2020-06-28_00-10-09.jpg,cucumber,healthy,Sí
cucumber-healthy,cucumber_photo_2020-06-28_00-10-35.jpg,cucumber,healthy,Sí
cucumber-healthy,cucumber_photo_2020-06-28_00-10-21.jpg,cucumber,healthy,Sí
cucumber-healthy,cucumber_IMG20200629183059.jpg,cucumber,healthy,Sí
cucumber-healthy,cucumber_photo_2020-06-28_00-00-24.jpg,cucumber,healthy,Sí
cucumber-healthy,cucumber_photo_2020-06-28_00-09-00.jpg,cucumber,healthy,Sí
cucumber-healthy,cucumber_photo_2020-06-28_00-09-14.jpg,cucumber,healthy,Sí
cucumber-healthy,cucumber_photo_2020-06-28_00-00-30.jpg,cucumber,healthy,Sí
cucumber-healthy,cucumber_IMG20200629183111.jpg,cucumber,healthy,Sí
cucumber-healthy,cucumber_IMG20200629183105.jpg,cucumber,healthy,Sí
cucumber-healthy,cucumber_IMG20200629183139.jpg,cucumber,healthy,Sí
cucumber-healthy,cucumber_IMG20200629183449.jpg,cucumber,healthy,Sí
cucumber-healthy,cucumber_IMG20200629182958.jpg,cucumber,healthy,Sí
cucumber-healthy,cucumber_IMG20200629182959.jpg,cucumber,healthy,Sí
cucumber-healthy,cucumber_IMG20200629183138.jpg,cucumber,healthy,Sí
cucumber-healthy,cucumber_IMG20200629183104.jpg,cucumber,healthy,Sí
cucumber-healthy,cucumber_IMG20200629183110.jpg,cucumber,healthy,Sí
cucumber-healthy,cucumber_photo_2020-06-28_00-09-15.jpg,cucumber,healthy,Sí
cucumber-healthy,cucumber_photo_2020-06-28_00-00-31.jpg,cucumber,healthy,Sí
cucumber-healthy,cucumber_IMG20200629183058.jpg,cucumber,healthy,Sí
cucumber-healthy,cucumber_photo_2020-06-28_00-10-20.jpg,cucumber,healthy,Sí
cucumber-healthy,cucumber_photo_2020-06-28_00-10-34.jpg,cucumber,healthy,Sí
cucumber-healthy,cucumber_photo_2020-06-28_00-10-08.jpg,cucumber,healthy,Sí
cucumber-healthy,cucumber_IMG20200629183538.jpg,cucumber,healthy,Sí
cucumber-healthy,cucumber_photo_2020-06-28_00-10-30.jpg,cucumber,healthy,Sí
cucumber-healthy,cucumber_photo_2020-06-28_00-10-24.jpg,cucumber,healthy,Sí
cucumber-healthy,cucumber_IMG20200629183050_01.jpg,cucumber,healthy,Sí
cucumber-healthy,cucumber_photo_2020-06-28_00-10-18.jpg,cucumber,healthy,Sí
cucumber-healthy,cucumber_IMG20200629183048.jpg,cucumber,healthy,Sí
cucumber-healthy,cucumber_photo_2020-06-28_00-00-35.jpg,cucumber,healthy,Sí
cucumber-healthy,cucumber_photo_2020-06-28_00-09-11.jpg,cucumber,healthy,Sí
cucumber-healthy,cucumber_photo_2020-06-28_00-09-39.jpg,cucumber,healthy,Sí
cucumber-healthy,cucumber_IMG20200629183114.jpg,cucumber,healthy,Sí
cucumber-healthy,cucumber_IMG20200629182949.jpg,cucumber,healthy,Sí
cucumber-healthy,cucumber_IMG20200629182948.jpg,cucumber,healthy,Sí
cucumber-healthy,cucumber_IMG20200629183129.jpg,cucumber,healthy,Sí
cucumber-healthy,cucumber_photo_2020-06-28_00-00-34.jpg,cucumber,healthy,Sí
cucumber-healthy,cucumber_photo_2020-06-28_00-09-10.jpg,cucumber,healthy,Sí
cucumber-healthy,cucumber_IMG20200629183049.jpg,cucumber,healthy,Sí
cucumber-healthy,cucumber_photo_2020-06-28_00-10-19.jpg,cucumber,healthy,Sí
cucumber-healthy,cucumber_photo_2020-06-28_00-10-25.jpg,cucumber,healthy,Sí
cucumber-healthy,cucumber_photo_2020-06-28_00-10-31.jpg,cucumber,healthy,Sí
cucumber-healthy,cucumber_IMG20200629183249.jpg,cucumber,healthy,Sí
cucumber-healthy,cucumber_photo_2020-06-28_00-10-27.jpg,cucumber,healthy,Sí
cucumber-healthy,cucumber_photo_2020-06-28_00-10-33.jpg,cucumber,healthy,Sí
cucumber-healthy,cucumber_photo_2020-06-28_00-00-43 (2).jpg,cucumber,healthy,Sí
cucumber-healthy,cucumber_photo_2020-06-28_00-09-12.jpg,cucumber,healthy,Sí
cucumber-healthy,cucumber_photo_2020-06-28_00-00-36.jpg,cucumber,healthy,Sí
cucumber-healthy,cucumber_photo_2020-06-28_00-09-06.jpg,cucumber,healthy,Sí
cucumber-healthy,cucumber_IMG20200629183103.jpg,cucumber,healthy,Sí
cucumber-healthy,cucumber_IMG20200629183329.jpg,cucumber,healthy,Sí
cucumber-healthy,cucumber_photo_2020-06-28_00-00-31 (2).jpg,cucumber,healthy,Sí
cucumber-healthy,cucumber_IMG20200629183102.jpg,cucumber,healthy,Sí
cucumber-healthy,cucumber_photo_2020-06-28_00-09-07.jpg,cucumber,healthy,Sí
cucumber-healthy,cucumber_photo_2020-06-28_00-09-13.jpg,cucumber,healthy,Sí
cucumber-healthy,cucumber_photo_2020-06-28_00-10-32.jpg,cucumber,healthy,Sí
cucumber-healthy,cucumber_photo_2020-06-28_00-10-26.jpg,cucumber,healthy,Sí
cucumber-healthy,cucumber_photo_2020-06-28_00-00-48 (2).jpg,cucumber,healthy,Sí
cucumber-healthy,cucumber_IMG20200629183213.jpg,cucumber,healthy,Sí
cucumber-healthy,cucumber_IMG20200629183207.jpg,cucumber,healthy,Sí
cucumber-healthy,cucumber_IMG20200629183011.jpg,cucumber,healthy,Sí
cucumber-healthy,cucumber_IMG20200629183005.jpg,cucumber,healthy,Sí
cucumber-healthy,cucumber_IMG20200629183039.jpg,cucumber,healthy,Sí
cucumber-healthy,cucumber_photo_2020-06-28_00-09-48.jpg,cucumber,healthy,Sí
cucumber-healthy,cucumber_photo_2020-06-28_00-00-44.jpg,cucumber,healthy,Sí
cucumber-healthy,cucumber_photo_2020-06-28_00-11-15.jpg,cucumber,healthy,Sí
cucumber-healthy,cucumber_photo_2020-06-28_00-11-29.jpg,cucumber,healthy,Sí
cucumber-healthy,cucumber_IMG20200629183401.jpg,cucumber,healthy,Sí
cucumber-healthy,cucumber_IMG20200629183415.jpg,cucumber,healthy,Sí
cucumber-healthy,cucumber_IMG20200629183429.jpg,cucumber,healthy,Sí
cucumber-healthy,cucumber_IMG20200629182910.jpg,cucumber,healthy,Sí
cucumber-healthy,cucumber_IMG20200629182939.jpg,cucumber,healthy,Sí
cucumber-healthy,cucumber_IMG20200629182905.jpg,cucumber,healthy,Sí
cucumber-healthy,cucumber_IMG20200629183428.jpg,cucumber,healthy,Sí
cucumber-healthy,cucumber_IMG20200629183414.jpg,cucumber,healthy,Sí
cucumber-healthy,cucumber_photo_2020-06-28_00-11-28.jpg,cucumber,healthy,Sí
cucumber-healthy,cucumber_photo_2020-06-28_00-11-14.jpg,cucumber,healthy,Sí
cucumber-healthy,cucumber_IMG20200629182252.jpg,cucumber,healthy,Sí
cucumber-healthy,cucumber_photo_2020-06-28_00-00-45.jpg,cucumber,healthy,Sí
cucumber-healthy,cucumber_IMG20200629183054_01.jpg,cucumber,healthy,Sí
cucumber-healthy,cucumber_IMG20200629183038.jpg,cucumber,healthy,Sí
cucumber-healthy,cucumber_IMG20200629183004.jpg,cucumber,healthy,Sí
cucumber-healthy,cucumber_IMG20200629182859.jpg,cucumber,healthy,Sí
cucumber-healthy,cucumber_IMG20200629183206.jpg,cucumber,healthy,Sí
cucumber-healthy,cucumber_IMG20200629183212.jpg,cucumber,healthy,Sí
cucumber-healthy,cucumber_IMG20200629183204.jpg,cucumber,healthy,Sí
cucumber-healthy,cucumber_IMG20200629183210.jpg,cucumber,healthy,Sí
cucumber-healthy,cucumber_IMG20200629183006.jpg,cucumber,healthy,Sí
cucumber-healthy,cucumber_photo_2020-06-28_00-00-47.jpg,cucumber,healthy,Sí
cucumber-healthy,cucumber_photo_2020-06-28_00-00-41 (2).jpg,cucumber,healthy,Sí
cucumber-healthy,cucumber_photo_2020-06-28_00-11-16.jpg,cucumber,healthy,Sí
cucumber-healthy,cucumber_IMG20200629183416.jpg,cucumber,healthy,Sí
cucumber-healthy,cucumber_IMG20200629183402.jpg,cucumber,healthy,Sí
cucumber-healthy,cucumber_IMG20200629182913.jpg,cucumber,healthy,Sí
cucumber-healthy,cucumber_IMG20200629182907.jpg,cucumber,healthy,Sí
cucumber-healthy,cucumber_photo_2020-06-28_00-09-02 (2).jpg,cucumber,healthy,Sí
cucumber-healthy,cucumber_IMG20200629182906.jpg,cucumber,healthy,Sí
cucumber-healthy,cucumber_IMG20200629183359.jpg,cucumber,healthy,Sí
cucumber-healthy,cucumber_IMG20200629183403.jpg,cucumber,healthy,Sí
cucumber-healthy,cucumber_IMG20200629183417.jpg,cucumber,healthy,Sí
cucumber-healthy,cucumber_photo_2020-06-28_00-11-17.jpg,cucumber,healthy,Sí
cucumber-healthy,cucumber_photo_2020-06-28_00-00-46.jpg,cucumber,healthy,Sí
cucumber-healthy,cucumber_IMG20200629183211.jpg,cucumber,healthy,Sí
cucumber-healthy,cucumber_IMG20200629183205.jpg,cucumber,healthy,Sí
cucumber-healthy,cucumber_photo_2020-06-28_00-00-32 (2).jpg,cucumber,healthy,Sí
cucumber-healthy,cucumber_IMG20200629183416_01.jpg,cucumber,healthy,Sí
cucumber-healthy,cucumber_IMG20200629183003.jpg,cucumber,healthy,Sí
cucumber-healthy,cucumber_photo_2020-06-28_00-00-42.jpg,cucumber,healthy,Sí
cucumber-healthy,cucumber_photo_2020-06-28_00-09-13 (2).jpg,cucumber,healthy,Sí
cucumber-healthy,cucumber_IMG20200629182914_01.jpg,cucumber,healthy,Sí
cucumber-healthy,cucumber_photo_2020-06-28_00-11-13.jpg,cucumber,healthy,Sí
cucumber-healthy,cucumber_IMG20200629183349.jpg,cucumber,healthy,Sí
cucumber-healthy,cucumber_IMG20200629183413.jpg,cucumber,healthy,Sí
cucumber-healthy,cucumber_IMG20200629183407.jpg,cucumber,healthy,Sí
cucumber-healthy,cucumber_IMG20200629182916.jpg,cucumber,healthy,Sí
cucumber-healthy,cucumber_IMG20200629182903.jpg,cucumber,healthy,Sí
cucumber-healthy,cucumber_IMG20200629182917.jpg,cucumber,healthy,Sí
cucumber-healthy,cucumber_IMG20200629183406.jpg,cucumber,healthy,Sí
cucumber-healthy,cucumber_IMG20200629183412.jpg,cucumber,healthy,Sí
cucumber-healthy,cucumber_IMG20200629183348.jpg,cucumber,healthy,Sí
cucumber-healthy,cucumber_photo_2020-06-28_00-11-12.jpg,cucumber,healthy,Sí
cucumber-healthy,cucumber_IMG20200629183432_01.jpg,cucumber,healthy,Sí
cucumber-healthy,cucumber_IMG20200629182254.jpg,cucumber,healthy,Sí
cucumber-healthy,cucumber_photo_2020-06-28_00-00-43.jpg,cucumber,healthy,Sí
cucumber-healthy,cucumber_IMG20200629183016.jpg,cucumber,healthy,Sí
cucumber-healthy,cucumber_IMG20200629183002.jpg,cucumber,healthy,Sí
cucumber-healthy,cucumber_IMG20200629183214.jpg,cucumber,healthy,Sí
cucumber-healthy,cucumber_IMG20200629183216.jpg,cucumber,healthy,Sí
cucumber-healthy,cucumber_IMG20200629183028.jpg,cucumber,healthy,Sí
cucumber-healthy,cucumber_IMG20200629183014.jpg,cucumber,healthy,Sí
cucumber-healthy,cucumber_IMG20200629183000.jpg,cucumber,healthy,Sí
cucumber-healthy,cucumber_photo_2020-06-28_00-00-49 (2).jpg,cucumber,healthy,Sí
cucumber-healthy,cucumber_photo_2020-06-28_00-00-41.jpg,cucumber,healthy,Sí
cucumber-healthy,cucumber_photo_2020-06-28_00-09-59.jpg,cucumber,healthy,Sí
cucumber-healthy,cucumber_IMG20200629183148.jpg,cucumber,healthy,Sí
cucumber-healthy,cucumber_photo_2020-06-28_00-11-10.jpg,cucumber,healthy,Sí
cucumber-healthy,cucumber_IMG20200629183438.jpg,cucumber,healthy,Sí
cucumber-healthy,cucumber_IMG20200629182928.jpg,cucumber,healthy,Sí
cucumber-healthy,cucumber_IMG20200629183405.jpg,cucumber,healthy,Sí
cucumber-healthy,cucumber_IMG20200629183439.jpg,cucumber,healthy,Sí
cucumber-healthy,cucumber_photo_2020-06-28_00-11-11.jpg,cucumber,healthy,Sí
cucumber-healthy,cucumber_IMG20200629183149.jpg,cucumber,healthy,Sí
cucumber-healthy,cucumber_photo_2020-06-28_00-00-40.jpg,cucumber,healthy,Sí
cucumber-healthy,cucumber_IMG20200629183001.jpg,cucumber,healthy,Sí
cucumber-healthy,cucumber_IMG20200629183015.jpg,cucumber,healthy,Sí
cucumber-healthy,cucumber_IMG20200629183044_01.jpg,cucumber,healthy,Sí
cucumber-healthy,cucumber_IMG20200629183226.jpg,cucumber,healthy,Sí
cucumber-healthy,cucumber_IMG20200629183030.jpg,cucumber,healthy,Sí
cucumber-healthy,cucumber_IMG20200629183018.jpg,cucumber,healthy,Sí
cucumber-healthy,cucumber_photo_2020-06-28_00-09-55.jpg,cucumber,healthy,Sí
cucumber-healthy,cucumber_photo_2020-06-28_00-09-41.jpg,cucumber,healthy,Sí
cucumber-healthy,cucumber_IMG20200629183150.jpg,cucumber,healthy,Sí
cucumber-healthy,cucumber_photo_2020-06-28_00-11-20.jpg,cucumber,healthy,Sí
cucumber-healthy,cucumber_IMG20200629183420.jpg,cucumber,healthy,Sí
cucumber-healthy,cucumber_IMG20200629183346.jpg,cucumber,healthy,Sí
cucumber-healthy,cucumber_IMG20200629183352.jpg,cucumber,healthy,Sí
cucumber-healthy,cucumber_IMG20200629182925.jpg,cucumber,healthy,Sí
cucumber-healthy,cucumber_IMG20200629182931.jpg,cucumber,healthy,Sí
cucumber-healthy,cucumber_IMG20200629182919.jpg,cucumber,healthy,Sí
cucumber-healthy,cucumber_IMG20200629183141_01.jpg,cucumber,healthy,Sí
cucumber-healthy,cucumber_IMG20200629182930.jpg,cucumber,healthy,Sí
cucumber-healthy,cucumber_IMG20200629183353.jpg,cucumber,healthy,Sí
cucumber-healthy,cucumber_IMG20200629183421.jpg,cucumber,healthy,Sí
cucumber-healthy,cucumber_photo_2020-06-28_00-11-21.jpg,cucumber,healthy,Sí
cucumber-healthy,cucumber_photo_2020-06-28_00-09-40.jpg,cucumber,healthy,Sí
cucumber-healthy,cucumber_photo_2020-06-28_00-09-54.jpg,cucumber,healthy,Sí
cucumber-healthy,cucumber_IMG20200629183019.jpg,cucumber,healthy,Sí
cucumber-healthy,cucumber_IMG20200629183031.jpg,cucumber,healthy,Sí
cucumber-healthy,cucumber_IMG20200629183030_01.jpg,cucumber,healthy,Sí
cucumber-healthy,cucumber_IMG20200629183225.jpg,cucumber,healthy,Sí
cucumber-healthy,cucumber_IMG20200629183033.jpg,cucumber,healthy,Sí
cucumber-healthy,cucumber_photo_2020-06-28_00-09-42.jpg,cucumber,healthy,Sí
cucumber-healthy,cucumber_photo_2020-06-28_00-09-56.jpg,cucumber,healthy,Sí
cucumber-healthy,cucumber_IMG20200629183153.jpg,cucumber,healthy,Sí
cucumber-healthy,cucumber_photo_2020-06-28_00-11-23.jpg,cucumber,healthy,Sí
cucumber-healthy,cucumber_IMG20200629183351.jpg,cucumber,healthy,Sí
cucumber-healthy,cucumber_IMG20200629183345.jpg,cucumber,healthy,Sí
cucumber-healthy,cucumber_IMG20200629183423.jpg,cucumber,healthy,Sí
cucumber-healthy,cucumber_IMG20200629182932.jpg,cucumber,healthy,Sí
cucumber-healthy,cucumber_IMG20200629182926.jpg,cucumber,healthy,Sí
cucumber-healthy,cucumber_IMG20200629182856_01.jpg,cucumber,healthy,Sí
cucumber-healthy,cucumber_photo_2020-06-28_00-01-27.jpg,cucumber,healthy,Sí
cucumber-healthy,cucumber_IMG20200629183344.jpg,cucumber,healthy,Sí
cucumber-healthy,cucumber_IMG20200629183422.jpg,cucumber,healthy,Sí
cucumber-healthy,cucumber_IMG20200629183436.jpg,cucumber,healthy,Sí
cucumber-healthy,cucumber_IMG20200629183350.jpg,cucumber,healthy,Sí
cucumber-healthy,cucumber_photo_2020-06-28_00-11-22.jpg,cucumber,healthy,Sí
cucumber-healthy,cucumber_IMG20200629183152.jpg,cucumber,healthy,Sí
cucumber-healthy,cucumber_photo_2020-06-28_00-09-16 (2).jpg,cucumber,healthy,Sí
cucumber-healthy,cucumber_IMG20200629183032.jpg,cucumber,healthy,Sí
cucumber-healthy,cucumber_IMG20200629183224.jpg,cucumber,healthy,Sí
cucumber-healthy,cucumber_IMG20200629183208.jpg,cucumber,healthy,Sí
cucumber-healthy,cucumber_IMG20200629183220.jpg,cucumber,healthy,Sí
cucumber-healthy,cucumber_IMG20200629183323_01.jpg,cucumber,healthy,Sí
cucumber-healthy,cucumber_IMG20200629182857.jpg,cucumber,healthy,Sí
cucumber-healthy,cucumber_IMG20200629183022.jpg,cucumber,healthy,Sí
cucumber-healthy,cucumber_photo_2020-06-28_00-09-53.jpg,cucumber,healthy,Sí
cucumber-healthy,cucumber_IMG20200629183142.jpg,cucumber,healthy,Sí
cucumber-healthy,cucumber_IMG20200629183331_01.jpg,cucumber,healthy,Sí
cucumber-healthy,cucumber_photo_2020-06-28_00-11-26.jpg,cucumber,healthy,Sí
cucumber-healthy,cucumber_photo_2020-06-28_00-11-32.jpg,cucumber,healthy,Sí
cucumber-healthy,cucumber_IMG20200629183432.jpg,cucumber,healthy,Sí
cucumber-healthy,cucumber_IMG20200629183426.jpg,cucumber,healthy,Sí
cucumber-healthy,cucumber_IMG20200629183340.jpg,cucumber,healthy,Sí
cucumber-healthy,cucumber_IMG20200629182936.jpg,cucumber,healthy,Sí
cucumber-healthy,cucumber_IMG20200629183341.jpg,cucumber,healthy,Sí
cucumber-healthy,cucumber_IMG20200629183355.jpg,cucumber,healthy,Sí
cucumber-healthy,cucumber_IMG20200629183433.jpg,cucumber,healthy,Sí
cucumber-healthy,cucumber_photo_2020-06-28_00-11-33.jpg,cucumber,healthy,Sí
cucumber-healthy,cucumber_photo_2020-06-28_00-11-27.jpg,cucumber,healthy,Sí
cucumber-healthy,cucumber_photo_2020-06-28_00-11-10 (2).jpg,cucumber,healthy,Sí
cucumber-healthy,cucumber_IMG20200629183157.jpg,cucumber,healthy,Sí
cucumber-healthy,cucumber_IMG20200629183037.jpg,cucumber,healthy,Sí
cucumber-healthy,cucumber_photo_2020-06-28_00-00-44 (2).jpg,cucumber,healthy,Sí
cucumber-healthy,cucumber_IMG20200629183023.jpg,cucumber,healthy,Sí
cucumber-healthy,cucumber_IMG20200629182856.jpg,cucumber,healthy,Sí
cucumber-healthy,cucumber_IMG20200629183223.jpg,cucumber,healthy,Sí
cucumber-healthy,cucumber_IMG20200629183035.jpg,cucumber,healthy,Sí
cucumber-healthy,cucumber_photo_2020-06-28_00-09-50.jpg,cucumber,healthy,Sí
cucumber-healthy,cucumber_photo_2020-06-28_00-09-44.jpg,cucumber,healthy,Sí
cucumber-healthy,cucumber_photo_2020-06-28_00-00-48.jpg,cucumber,healthy,Sí
cucumber-healthy,cucumber_IMG20200629183008_01.jpg,cucumber,healthy,Sí
cucumber-healthy,cucumber_IMG20200629183141.jpg,cucumber,healthy,Sí
cucumber-healthy,cucumber_IMG20200629183155.jpg,cucumber,healthy,Sí
cucumber-healthy,cucumber_IMG20200629183104_01.jpg,cucumber,healthy,Sí
cucumber-healthy,cucumber_photo_2020-06-28_00-11-19.jpg,cucumber,healthy,Sí
cucumber-healthy,cucumber_photo_2020-06-28_00-11-31.jpg,cucumber,healthy,Sí
cucumber-healthy,cucumber_photo_2020-06-28_00-11-25.jpg,cucumber,healthy,Sí
cucumber-healthy,cucumber_IMG20200629183431.jpg,cucumber,healthy,Sí
cucumber-healthy,cucumber_IMG20200629182908.jpg,cucumber,healthy,Sí
cucumber-healthy,cucumber_IMG20200629182920.jpg,cucumber,healthy,Sí
cucumber-healthy,cucumber_IMG20200629182909.jpg,cucumber,healthy,Sí
cucumber-healthy,cucumber_IMG20200629183430.jpg,cucumber,healthy,Sí
cucumber-healthy,cucumber_IMG20200629183342.jpg,cucumber,healthy,Sí
cucumber-healthy,cucumber_IMG20200629183424.jpg,cucumber,healthy,Sí
cucumber-healthy,cucumber_photo_2020-06-28_00-11-24.jpg,cucumber,healthy,Sí
cucumber-healthy,cucumber_photo_2020-06-28_00-11-30.jpg,cucumber,healthy,Sí
cucumber-healthy,cucumber_IMG20200629183154.jpg,cucumber,healthy,Sí
cucumber-healthy,cucumber_IMG20200629183140.jpg,cucumber,healthy,Sí
cucumber-healthy,cucumber_photo_2020-06-28_00-00-49.jpg,cucumber,healthy,Sí
cucumber-healthy,cucumber_photo_2020-06-28_00-09-51.jpg,cucumber,healthy,Sí
cucumber-healthy,cucumber_IMG20200629183020.jpg,cucumber,healthy,Sí
cucumber-healthy,cucumber_IMG20200629183034.jpg,cucumber,healthy,Sí
cucumber-healthy,cucumber_IMG20200629183008.jpg,cucumber,healthy,Sí
cucumber-healthy,cucumber_IMG20200629182855.jpg,cucumber,healthy,Sí
cucumber-healthy,cucumber_IMG20200629183222.jpg,cucumber,healthy,Sí
cucumber-healthy,cucumber_IMG20200629183251.jpg,cucumber,healthy,Sí
cucumber-healthy,cucumber_IMG20200629183537.jpg,cucumber,healthy,Sí
cucumber-healthy,cucumber_IMG20200629183423_01.jpg,cucumber,healthy,Sí
cucumber-healthy,cucumber_IMG20200629183133.jpg,cucumber,healthy,Sí
cucumber-healthy,cucumber_IMG20200629183331.jpg,cucumber,healthy,Sí
cucumber-healthy,cucumber_IMG20200629182952.jpg,cucumber,healthy,Sí
cucumber-healthy,cucumber_IMG20200629182953.jpg,cucumber,healthy,Sí
cucumber-healthy,cucumber_photo_2020-06-28_00-00-46 (2).jpg,cucumber,healthy,Sí
cucumber-healthy,cucumber_IMG20200629183330.jpg,cucumber,healthy,Sí
cucumber-healthy,cucumber_IMG20200629183442.jpg,cucumber,healthy,Sí
cucumber-healthy,cucumber_IMG20200629183132.jpg,cucumber,healthy,Sí
cucumber-healthy,cucumber_IMG20200629183046.jpg,cucumber,healthy,Sí
cucumber-healthy,cucumber_photo_2020-06-28_00-10-16.jpg,cucumber,healthy,Sí
cucumber-healthy,cucumber_photo_2020-06-28_00-00-34 (2).jpg,cucumber,healthy,Sí
cucumber-healthy,cucumber_IMG20200629183250.jpg,cucumber,healthy,Sí
cucumber-healthy,cucumber_IMG20200629183246.jpg,cucumber,healthy,Sí
cucumber-healthy,cucumber_IMG20200629183534.jpg,cucumber,healthy,Sí
cucumber-healthy,cucumber_IMG20200629183252.jpg,cucumber,healthy,Sí
cucumber-healthy,cucumber_photo_2020-06-28_00-10-28.jpg,cucumber,healthy,Sí
cucumber-healthy,cucumber_photo_2020-06-28_00-10-14.jpg,cucumber,healthy,Sí
cucumber-healthy,cucumber_photo_2020-06-28_00-10-00.jpg,cucumber,healthy,Sí
cucumber-healthy,cucumber_IMG20200629183044.jpg,cucumber,healthy,Sí
cucumber-healthy,cucumber_IMG20200629183050.jpg,cucumber,healthy,Sí
cucumber-healthy,cucumber_photo_2020-06-28_00-09-09.jpg,cucumber,healthy,Sí
cucumber-healthy,cucumber_photo_2020-06-28_00-09-51 (2).jpg,cucumber,healthy,Sí
cucumber-healthy,cucumber_IMG20200629183028_01.jpg,cucumber,healthy,Sí
cucumber-healthy,cucumber_IMG20200629182951.jpg,cucumber,healthy,Sí
cucumber-healthy,cucumber_IMG20200629182950.jpg,cucumber,healthy,Sí
cucumber-healthy,cucumber_IMG20200629183441.jpg,cucumber,healthy,Sí
cucumber-healthy,cucumber_IMG20200629183333.jpg,cucumber,healthy,Sí
cucumber-healthy,cucumber_IMG20200629183131.jpg,cucumber,healthy,Sí
cucumber-healthy,cucumber_photo_2020-06-28_00-09-08.jpg,cucumber,healthy,Sí
cucumber-healthy,cucumber_IMG20200629183051.jpg,cucumber,healthy,Sí
cucumber-healthy,cucumber_IMG20200629183045.jpg,cucumber,healthy,Sí
cucumber-healthy,cucumber_photo_2020-06-28_00-10-15.jpg,cucumber,healthy,Sí
cucumber-healthy,cucumber_photo_2020-06-28_00-10-29.jpg,cucumber,healthy,Sí
cucumber-healthy,cucumber_IMG20200629183535.jpg,cucumber,healthy,Sí
cucumber-healthy,cucumber_IMG20200629183253.jpg,cucumber,healthy,Sí
cucumber-healthy,cucumber_IMG20200629183247.jpg,cucumber,healthy,Sí
cucumber-healthy,cucumber_IMG20200629183257.jpg,cucumber,healthy,Sí
cucumber-healthy,cucumber_photo_2020-06-28_00-10-05.jpg,cucumber,healthy,Sí
cucumber-healthy,cucumber_IMG20200629183055.jpg,cucumber,healthy,Sí
cucumber-healthy,cucumber_photo_2020-06-28_00-00-28.jpg,cucumber,healthy,Sí
cucumber-healthy,cucumber_IMG20200629183135.jpg,cucumber,healthy,Sí
cucumber-healthy,cucumber_photo_2020-06-28_00-02-11.jpg,cucumber,healthy,Sí
cucumber-healthy,cucumber_IMG20200629183337.jpg,cucumber,healthy,Sí
cucumber-healthy,cucumber_IMG20200629183323.jpg,cucumber,healthy,Sí
cucumber-healthy,cucumber_IMG20200629183445.jpg,cucumber,healthy,Sí
cucumber-healthy,cucumber_IMG20200629182954.jpg,cucumber,healthy,Sí
cucumber-healthy,cucumber_photo_2020-06-28_00-10-33 (2).jpg,cucumber,healthy,Sí
cucumber-healthy,cucumber_IMG20200629183322.jpg,cucumber,healthy,Sí
cucumber-healthy,cucumber_IMG20200629183444.jpg,cucumber,healthy,Sí
cucumber-healthy,cucumber_IMG20200629183450.jpg,cucumber,healthy,Sí
cucumber-healthy,cucumber_IMG20200629183110_01.jpg,cucumber,healthy,Sí
cucumber-healthy,cucumber_photo_2020-06-28_00-02-10.jpg,cucumber,healthy,Sí
cucumber-healthy,cucumber_IMG20200629183108.jpg,cucumber,healthy,Sí
cucumber-healthy,cucumber_IMG20200629183054.jpg,cucumber,healthy,Sí
cucumber-healthy,cucumber_photo_2020-06-28_00-10-10.jpg,cucumber,healthy,Sí
cucumber-healthy,cucumber_IMG20200629183256.jpg,cucumber,healthy,Sí
cucumber-healthy,cucumber_IMG20200629183532.jpg,cucumber,healthy,Sí
cucumber-healthy,cucumber_photo_2020-06-28_00-10-06.jpg,cucumber,healthy,Sí
cucumber-healthy,cucumber_photo_2020-06-28_00-10-12.jpg,cucumber,healthy,Sí
cucumber-healthy,cucumber_IMG20200629183056.jpg,cucumber,healthy,Sí
cucumber-healthy,cucumber_IMG20200629183136.jpg,cucumber,healthy,Sí
cucumber-healthy,cucumber_photo_2020-06-28_00-02-12.jpg,cucumber,healthy,Sí
cucumber-healthy,cucumber_IMG20200629183320.jpg,cucumber,healthy,Sí
cucumber-healthy,cucumber_IMG20200629183334.jpg,cucumber,healthy,Sí
cucumber-healthy,cucumber_IMG20200629182957.jpg,cucumber,healthy,Sí
cucumber-healthy,cucumber_IMG20200629182956.jpg,cucumber,healthy,Sí
cucumber-healthy,cucumber_IMG20200629183447.jpg,cucumber,healthy,Sí
cucumber-healthy,cucumber_IMG20200629183321.jpg,cucumber,healthy,Sí
cucumber-healthy,cucumber_IMG20200629183246_01.jpg,cucumber,healthy,Sí
cucumber-healthy,cucumber_photo_2020-06-28_00-00-47 (2).jpg,cucumber,healthy,Sí
cucumber-healthy,cucumber_photo_2020-06-28_00-02-13.jpg,cucumber,healthy,Sí
cucumber-healthy,cucumber_IMG20200629183057.jpg,cucumber,healthy,Sí
cucumber-healthy,cucumber_photo_2020-06-28_00-10-13.jpg,cucumber,healthy,Sí
cucumber-healthy,cucumber_photo_2020-06-28_00-10-07.jpg,cucumber,healthy,Sí
cucumber-healthy,cucumber_IMG20200629183533.jpg,cucumber,healthy,Sí
cucumber-healthy,cucumber_IMG20200629183255.jpg,cucumber,healthy,Sí
bean-angular_leaf_spot,bean_angular_leaf_spot_val.6.jpg,bean,angular_leaf_spot,No
bean-angular_leaf_spot,bean_angular_leaf_spot_train.229.jpg,bean,angular_leaf_spot,No
bean-angular_leaf_spot,bean_angular_leaf_spot_train.215.jpg,bean,angular_leaf_spot,No
bean-angular_leaf_spot,bean_angular_leaf_spot_train.201.jpg,bean,angular_leaf_spot,No
bean-angular_leaf_spot,bean_angular_leaf_spot_train.16.jpg,bean,angular_leaf_spot,No
bean-angular_leaf_spot,bean_angular_leaf_spot_train.163.jpg,bean,angular_leaf_spot,No
bean-angular_leaf_spot,bean_angular_leaf_spot_train.177.jpg,bean,angular_leaf_spot,No
bean-angular_leaf_spot,bean_angular_leaf_spot_test.16.jpg,bean,angular_leaf_spot,No
bean-angular_leaf_spot,bean_angular_leaf_spot_train.188.jpg,bean,angular_leaf_spot,No
bean-angular_leaf_spot,bean_angular_leaf_spot_train.189.jpg,bean,angular_leaf_spot,No
bean-angular_leaf_spot,bean_angular_leaf_spot_test.17.jpg,bean,angular_leaf_spot,No
bean-angular_leaf_spot,bean_angular_leaf_spot_train.176.jpg,bean,angular_leaf_spot,No
bean-angular_leaf_spot,bean_angular_leaf_spot_train.162.jpg,bean,angular_leaf_spot,No
bean-angular_leaf_spot,bean_angular_leaf_spot_train.17.jpg,bean,angular_leaf_spot,No
bean-angular_leaf_spot,bean_angular_leaf_spot_train.200.jpg,bean,angular_leaf_spot,No
bean-angular_leaf_spot,bean_angular_leaf_spot_train.214.jpg,bean,angular_leaf_spot,No
bean-angular_leaf_spot,bean_angular_leaf_spot_train.228.jpg,bean,angular_leaf_spot,No
bean-angular_leaf_spot,bean_angular_leaf_spot_val.7.jpg,bean,angular_leaf_spot,No
bean-angular_leaf_spot,bean_angular_leaf_spot_val.5.jpg,bean,angular_leaf_spot,No
bean-angular_leaf_spot,bean_angular_leaf_spot_train.202.jpg,bean,angular_leaf_spot,No
bean-angular_leaf_spot,bean_angular_leaf_spot_train.216.jpg,bean,angular_leaf_spot,No
bean-angular_leaf_spot,bean_angular_leaf_spot_train.29.jpg,bean,angular_leaf_spot,No
bean-angular_leaf_spot,bean_angular_leaf_spot_train.15.jpg,bean,angular_leaf_spot,No
bean-angular_leaf_spot,bean_angular_leaf_spot_train.148.jpg,bean,angular_leaf_spot,No
bean-angular_leaf_spot,bean_angular_leaf_spot_train.174.jpg,bean,angular_leaf_spot,No
bean-angular_leaf_spot,bean_angular_leaf_spot_train.160.jpg,bean,angular_leaf_spot,No
bean-angular_leaf_spot,bean_angular_leaf_spot_test.15.jpg,bean,angular_leaf_spot,No
bean-angular_leaf_spot,bean_angular_leaf_spot_test.29.jpg,bean,angular_leaf_spot,No
bean-angular_leaf_spot,bean_angular_leaf_spot_test.28.jpg,bean,angular_leaf_spot,No
bean-angular_leaf_spot,bean_angular_leaf_spot_test.14.jpg,bean,angular_leaf_spot,No
bean-angular_leaf_spot,bean_angular_leaf_spot_train.161.jpg,bean,angular_leaf_spot,No
bean-angular_leaf_spot,bean_angular_leaf_spot_train.175.jpg,bean,angular_leaf_spot,No
bean-angular_leaf_spot,bean_angular_leaf_spot_train.149.jpg,bean,angular_leaf_spot,No
bean-angular_leaf_spot,bean_angular_leaf_spot_train.14.jpg,bean,angular_leaf_spot,No
bean-angular_leaf_spot,bean_angular_leaf_spot_train.28.jpg,bean,angular_leaf_spot,No
bean-angular_leaf_spot,bean_angular_leaf_spot_train.217.jpg,bean,angular_leaf_spot,No
bean-angular_leaf_spot,bean_angular_leaf_spot_train.203.jpg,bean,angular_leaf_spot,No
bean-angular_leaf_spot,bean_angular_leaf_spot_val.4.jpg,bean,angular_leaf_spot,No
bean-angular_leaf_spot,bean_angular_leaf_spot_val.0.jpg,bean,angular_leaf_spot,No
bean-angular_leaf_spot,bean_angular_leaf_spot_train.207.jpg,bean,angular_leaf_spot,No
bean-angular_leaf_spot,bean_angular_leaf_spot_train.213.jpg,bean,angular_leaf_spot,No
bean-angular_leaf_spot,bean_angular_leaf_spot_train.10.jpg,bean,angular_leaf_spot,No
bean-angular_leaf_spot,bean_angular_leaf_spot_train.38.jpg,bean,angular_leaf_spot,No
bean-angular_leaf_spot,bean_angular_leaf_spot_train.171.jpg,bean,angular_leaf_spot,No
bean-angular_leaf_spot,bean_angular_leaf_spot_train.165.jpg,bean,angular_leaf_spot,No
bean-angular_leaf_spot,bean_angular_leaf_spot_train.159.jpg,bean,angular_leaf_spot,No
bean-angular_leaf_spot,bean_angular_leaf_spot_test.38.jpg,bean,angular_leaf_spot,No
bean-angular_leaf_spot,bean_angular_leaf_spot_test.10.jpg,bean,angular_leaf_spot,No
bean-angular_leaf_spot,bean_angular_leaf_spot_test.11.jpg,bean,angular_leaf_spot,No
bean-angular_leaf_spot,bean_angular_leaf_spot_test.39.jpg,bean,angular_leaf_spot,No
bean-angular_leaf_spot,bean_angular_leaf_spot_train.158.jpg,bean,angular_leaf_spot,No
bean-angular_leaf_spot,bean_angular_leaf_spot_train.164.jpg,bean,angular_leaf_spot,No
bean-angular_leaf_spot,bean_angular_leaf_spot_train.170.jpg,bean,angular_leaf_spot,No
bean-angular_leaf_spot,bean_angular_leaf_spot_train.39.jpg,bean,angular_leaf_spot,No
bean-angular_leaf_spot,bean_angular_leaf_spot_train.11.jpg,bean,angular_leaf_spot,No
bean-angular_leaf_spot,bean_angular_leaf_spot_train.212.jpg,bean,angular_leaf_spot,No
bean-angular_leaf_spot,bean_angular_leaf_spot_train.206.jpg,bean,angular_leaf_spot,No
bean-angular_leaf_spot,bean_angular_leaf_spot_val.1.jpg,bean,angular_leaf_spot,No
bean-angular_leaf_spot,bean_angular_leaf_spot_val.3.jpg,bean,angular_leaf_spot,No
bean-angular_leaf_spot,bean_angular_leaf_spot_test.8.jpg,bean,angular_leaf_spot,No
bean-angular_leaf_spot,bean_angular_leaf_spot_train.210.jpg,bean,angular_leaf_spot,No
bean-angular_leaf_spot,bean_angular_leaf_spot_train.204.jpg,bean,angular_leaf_spot,No
bean-angular_leaf_spot,bean_angular_leaf_spot_train.238.jpg,bean,angular_leaf_spot,No
bean-angular_leaf_spot,bean_angular_leaf_spot_train.13.jpg,bean,angular_leaf_spot,No
bean-angular_leaf_spot,bean_angular_leaf_spot_train.166.jpg,bean,angular_leaf_spot,No
bean-angular_leaf_spot,bean_angular_leaf_spot_train.172.jpg,bean,angular_leaf_spot,No
bean-angular_leaf_spot,bean_angular_leaf_spot_test.13.jpg,bean,angular_leaf_spot,No
bean-angular_leaf_spot,bean_angular_leaf_spot_train.199.jpg,bean,angular_leaf_spot,No
bean-angular_leaf_spot,bean_angular_leaf_spot_test.12.jpg,bean,angular_leaf_spot,No
bean-angular_leaf_spot,bean_angular_leaf_spot_train.198.jpg,bean,angular_leaf_spot,No
bean-angular_leaf_spot,bean_angular_leaf_spot_train.173.jpg,bean,angular_leaf_spot,No
bean-angular_leaf_spot,bean_angular_leaf_spot_train.167.jpg,bean,angular_leaf_spot,No
bean-angular_leaf_spot,bean_angular_leaf_spot_train.12.jpg,bean,angular_leaf_spot,No
bean-angular_leaf_spot,bean_angular_leaf_spot_train.239.jpg,bean,angular_leaf_spot,No
bean-angular_leaf_spot,bean_angular_leaf_spot_train.205.jpg,bean,angular_leaf_spot,No
bean-angular_leaf_spot,bean_angular_leaf_spot_train.211.jpg,bean,angular_leaf_spot,No
bean-angular_leaf_spot,bean_angular_leaf_spot_test.9.jpg,bean,angular_leaf_spot,No
bean-angular_leaf_spot,bean_angular_leaf_spot_val.2.jpg,bean,angular_leaf_spot,No
bean-angular_leaf_spot,bean_angular_leaf_spot_val.17.jpg,bean,angular_leaf_spot,No
bean-angular_leaf_spot,bean_angular_leaf_spot_train.276.jpg,bean,angular_leaf_spot,No
bean-angular_leaf_spot,bean_angular_leaf_spot_train.262.jpg,bean,angular_leaf_spot,No
bean-angular_leaf_spot,bean_angular_leaf_spot_train.289.jpg,bean,angular_leaf_spot,No
bean-angular_leaf_spot,bean_angular_leaf_spot_train.49.jpg,bean,angular_leaf_spot,No
bean-angular_leaf_spot,bean_angular_leaf_spot_train.61.jpg,bean,angular_leaf_spot,No
bean-angular_leaf_spot,bean_angular_leaf_spot_train.75.jpg,bean,angular_leaf_spot,No
bean-angular_leaf_spot,bean_angular_leaf_spot_train.302.jpg,bean,angular_leaf_spot,No
bean-angular_leaf_spot,bean_angular_leaf_spot_train.316.jpg,bean,angular_leaf_spot,No
bean-angular_leaf_spot,bean_angular_leaf_spot_train.128.jpg,bean,angular_leaf_spot,No
bean-angular_leaf_spot,bean_angular_leaf_spot_train.100.jpg,bean,angular_leaf_spot,No
bean-angular_leaf_spot,bean_angular_leaf_spot_train.114.jpg,bean,angular_leaf_spot,No
bean-angular_leaf_spot,bean_angular_leaf_spot_train.115.jpg,bean,angular_leaf_spot,No
bean-angular_leaf_spot,bean_angular_leaf_spot_train.101.jpg,bean,angular_leaf_spot,No
bean-angular_leaf_spot,bean_angular_leaf_spot_train.129.jpg,bean,angular_leaf_spot,No
bean-angular_leaf_spot,bean_angular_leaf_spot_train.317.jpg,bean,angular_leaf_spot,No
bean-angular_leaf_spot,bean_angular_leaf_spot_train.303.jpg,bean,angular_leaf_spot,No
bean-angular_leaf_spot,bean_angular_leaf_spot_train.74.jpg,bean,angular_leaf_spot,No
bean-angular_leaf_spot,bean_angular_leaf_spot_train.60.jpg,bean,angular_leaf_spot,No
bean-angular_leaf_spot,bean_angular_leaf_spot_train.48.jpg,bean,angular_leaf_spot,No
bean-angular_leaf_spot,bean_angular_leaf_spot_train.288.jpg,bean,angular_leaf_spot,No
bean-angular_leaf_spot,bean_angular_leaf_spot_train.263.jpg,bean,angular_leaf_spot,No
bean-angular_leaf_spot,bean_angular_leaf_spot_train.277.jpg,bean,angular_leaf_spot,No
bean-angular_leaf_spot,bean_angular_leaf_spot_val.16.jpg,bean,angular_leaf_spot,No
bean-angular_leaf_spot,bean_angular_leaf_spot_val.14.jpg,bean,angular_leaf_spot,No
bean-angular_leaf_spot,bean_angular_leaf_spot_val.28.jpg,bean,angular_leaf_spot,No
bean-angular_leaf_spot,bean_angular_leaf_spot_train.89.jpg,bean,angular_leaf_spot,No
bean-angular_leaf_spot,bean_angular_leaf_spot_train.249.jpg,bean,angular_leaf_spot,No
bean-angular_leaf_spot,bean_angular_leaf_spot_train.261.jpg,bean,angular_leaf_spot,No
bean-angular_leaf_spot,bean_angular_leaf_spot_train.275.jpg,bean,angular_leaf_spot,No
bean-angular_leaf_spot,bean_angular_leaf_spot_train.76.jpg,bean,angular_leaf_spot,No
bean-angular_leaf_spot,bean_angular_leaf_spot_train.62.jpg,bean,angular_leaf_spot,No
bean-angular_leaf_spot,bean_angular_leaf_spot_train.329.jpg,bean,angular_leaf_spot,No
bean-angular_leaf_spot,bean_angular_leaf_spot_train.315.jpg,bean,angular_leaf_spot,No
bean-angular_leaf_spot,bean_angular_leaf_spot_train.301.jpg,bean,angular_leaf_spot,No
bean-angular_leaf_spot,bean_angular_leaf_spot_train.117.jpg,bean,angular_leaf_spot,No
bean-angular_leaf_spot,bean_angular_leaf_spot_train.103.jpg,bean,angular_leaf_spot,No
bean-angular_leaf_spot,bean_angular_leaf_spot_train.102.jpg,bean,angular_leaf_spot,No
bean-angular_leaf_spot,bean_angular_leaf_spot_train.116.jpg,bean,angular_leaf_spot,No
bean-angular_leaf_spot,bean_angular_leaf_spot_train.300.jpg,bean,angular_leaf_spot,No
bean-angular_leaf_spot,bean_angular_leaf_spot_train.314.jpg,bean,angular_leaf_spot,No
bean-angular_leaf_spot,bean_angular_leaf_spot_train.328.jpg,bean,angular_leaf_spot,No
bean-angular_leaf_spot,bean_angular_leaf_spot_train.63.jpg,bean,angular_leaf_spot,No
bean-angular_leaf_spot,bean_angular_leaf_spot_train.77.jpg,bean,angular_leaf_spot,No
bean-angular_leaf_spot,bean_angular_leaf_spot_train.274.jpg,bean,angular_leaf_spot,No
bean-angular_leaf_spot,bean_angular_leaf_spot_train.260.jpg,bean,angular_leaf_spot,No
bean-angular_leaf_spot,bean_angular_leaf_spot_train.248.jpg,bean,angular_leaf_spot,No
bean-angular_leaf_spot,bean_angular_leaf_spot_train.88.jpg,bean,angular_leaf_spot,No
bean-angular_leaf_spot,bean_angular_leaf_spot_val.29.jpg,bean,angular_leaf_spot,No
bean-angular_leaf_spot,bean_angular_leaf_spot_val.15.jpg,bean,angular_leaf_spot,No
bean-angular_leaf_spot,bean_angular_leaf_spot_val.39.jpg,bean,angular_leaf_spot,No
bean-angular_leaf_spot,bean_angular_leaf_spot_val.11.jpg,bean,angular_leaf_spot,No
bean-angular_leaf_spot,bean_angular_leaf_spot_train.264.jpg,bean,angular_leaf_spot,No
bean-angular_leaf_spot,bean_angular_leaf_spot_train.270.jpg,bean,angular_leaf_spot,No
bean-angular_leaf_spot,bean_angular_leaf_spot_train.258.jpg,bean,angular_leaf_spot,No
bean-angular_leaf_spot,bean_angular_leaf_spot_train.98.jpg,bean,angular_leaf_spot,No
bean-angular_leaf_spot,bean_angular_leaf_spot_train.73.jpg,bean,angular_leaf_spot,No
bean-angular_leaf_spot,bean_angular_leaf_spot_train.67.jpg,bean,angular_leaf_spot,No
bean-angular_leaf_spot,bean_angular_leaf_spot_train.310.jpg,bean,angular_leaf_spot,No
bean-angular_leaf_spot,bean_angular_leaf_spot_train.304.jpg,bean,angular_leaf_spot,No
bean-angular_leaf_spot,bean_angular_leaf_spot_train.338.jpg,bean,angular_leaf_spot,No
bean-angular_leaf_spot,bean_angular_leaf_spot_train.112.jpg,bean,angular_leaf_spot,No
bean-angular_leaf_spot,bean_angular_leaf_spot_train.8.jpg,bean,angular_leaf_spot,No
bean-angular_leaf_spot,bean_angular_leaf_spot_train.106.jpg,bean,angular_leaf_spot,No
bean-angular_leaf_spot,bean_angular_leaf_spot_train.9.jpg,bean,angular_leaf_spot,No
bean-angular_leaf_spot,bean_angular_leaf_spot_train.107.jpg,bean,angular_leaf_spot,No
bean-angular_leaf_spot,bean_angular_leaf_spot_train.113.jpg,bean,angular_leaf_spot,No
bean-angular_leaf_spot,bean_angular_leaf_spot_train.339.jpg,bean,angular_leaf_spot,No
bean-angular_leaf_spot,bean_angular_leaf_spot_train.305.jpg,bean,angular_leaf_spot,No
bean-angular_leaf_spot,bean_angular_leaf_spot_train.311.jpg,bean,angular_leaf_spot,No
bean-angular_leaf_spot,bean_angular_leaf_spot_train.66.jpg,bean,angular_leaf_spot,No
bean-angular_leaf_spot,bean_angular_leaf_spot_train.72.jpg,bean,angular_leaf_spot,No
bean-angular_leaf_spot,bean_angular_leaf_spot_train.99.jpg,bean,angular_leaf_spot,No
bean-angular_leaf_spot,bean_angular_leaf_spot_train.259.jpg,bean,angular_leaf_spot,No
bean-angular_leaf_spot,bean_angular_leaf_spot_train.271.jpg,bean,angular_leaf_spot,No
bean-angular_leaf_spot,bean_angular_leaf_spot_train.265.jpg,bean,angular_leaf_spot,No
bean-angular_leaf_spot,bean_angular_leaf_spot_val.10.jpg,bean,angular_leaf_spot,No
bean-angular_leaf_spot,bean_angular_leaf_spot_val.38.jpg,bean,angular_leaf_spot,No
bean-angular_leaf_spot,bean_angular_leaf_spot_val.12.jpg,bean,angular_leaf_spot,No
bean-angular_leaf_spot,bean_angular_leaf_spot_train.273.jpg,bean,angular_leaf_spot,No
bean-angular_leaf_spot,bean_angular_leaf_spot_train.267.jpg,bean,angular_leaf_spot,No
bean-angular_leaf_spot,bean_angular_leaf_spot_train.64.jpg,bean,angular_leaf_spot,No
bean-angular_leaf_spot,bean_angular_leaf_spot_train.70.jpg,bean,angular_leaf_spot,No
bean-angular_leaf_spot,bean_angular_leaf_spot_train.58.jpg,bean,angular_leaf_spot,No
bean-angular_leaf_spot,bean_angular_leaf_spot_train.298.jpg,bean,angular_leaf_spot,No
bean-angular_leaf_spot,bean_angular_leaf_spot_train.307.jpg,bean,angular_leaf_spot,No
bean-angular_leaf_spot,bean_angular_leaf_spot_train.313.jpg,bean,angular_leaf_spot,No
bean-angular_leaf_spot,bean_angular_leaf_spot_train.105.jpg,bean,angular_leaf_spot,No
bean-angular_leaf_spot,bean_angular_leaf_spot_train.111.jpg,bean,angular_leaf_spot,No
bean-angular_leaf_spot,bean_angular_leaf_spot_train.139.jpg,bean,angular_leaf_spot,No
bean-angular_leaf_spot,bean_angular_leaf_spot_train.138.jpg,bean,angular_leaf_spot,No
bean-angular_leaf_spot,bean_angular_leaf_spot_train.110.jpg,bean,angular_leaf_spot,No
bean-angular_leaf_spot,bean_angular_leaf_spot_train.104.jpg,bean,angular_leaf_spot,No
bean-angular_leaf_spot,bean_angular_leaf_spot_train.312.jpg,bean,angular_leaf_spot,No
bean-angular_leaf_spot,bean_angular_leaf_spot_train.306.jpg,bean,angular_leaf_spot,No
bean-angular_leaf_spot,bean_angular_leaf_spot_train.299.jpg,bean,angular_leaf_spot,No
bean-angular_leaf_spot,bean_angular_leaf_spot_train.59.jpg,bean,angular_leaf_spot,No
bean-angular_leaf_spot,bean_angular_leaf_spot_train.71.jpg,bean,angular_leaf_spot,No
bean-angular_leaf_spot,bean_angular_leaf_spot_train.65.jpg,bean,angular_leaf_spot,No
bean-angular_leaf_spot,bean_angular_leaf_spot_train.266.jpg,bean,angular_leaf_spot,No
bean-angular_leaf_spot,bean_angular_leaf_spot_train.272.jpg,bean,angular_leaf_spot,No
bean-angular_leaf_spot,bean_angular_leaf_spot_val.13.jpg,bean,angular_leaf_spot,No
bean-angular_leaf_spot,bean_angular_leaf_spot_val.22.jpg,bean,angular_leaf_spot,No
bean-angular_leaf_spot,bean_angular_leaf_spot_val.36.jpg,bean,angular_leaf_spot,No
bean-angular_leaf_spot,bean_angular_leaf_spot_train.257.jpg,bean,angular_leaf_spot,No
bean-angular_leaf_spot,bean_angular_leaf_spot_train.83.jpg,bean,angular_leaf_spot,No
bean-angular_leaf_spot,bean_angular_leaf_spot_train.97.jpg,bean,angular_leaf_spot,No
bean-angular_leaf_spot,bean_angular_leaf_spot_train.243.jpg,bean,angular_leaf_spot,No
bean-angular_leaf_spot,bean_angular_leaf_spot_train.68.jpg,bean,angular_leaf_spot,No
bean-angular_leaf_spot,bean_angular_leaf_spot_train.40.jpg,bean,angular_leaf_spot,No
bean-angular_leaf_spot,bean_angular_leaf_spot_train.294.jpg,bean,angular_leaf_spot,No
bean-angular_leaf_spot,bean_angular_leaf_spot_train.280.jpg,bean,angular_leaf_spot,No
bean-angular_leaf_spot,bean_angular_leaf_spot_train.54.jpg,bean,angular_leaf_spot,No
bean-angular_leaf_spot,bean_angular_leaf_spot_train.323.jpg,bean,angular_leaf_spot,No
bean-angular_leaf_spot,bean_angular_leaf_spot_train.337.jpg,bean,angular_leaf_spot,No
bean-angular_leaf_spot,bean_angular_leaf_spot_train.109.jpg,bean,angular_leaf_spot,No
bean-angular_leaf_spot,bean_angular_leaf_spot_train.7.jpg,bean,angular_leaf_spot,No
bean-angular_leaf_spot,bean_angular_leaf_spot_train.121.jpg,bean,angular_leaf_spot,No
bean-angular_leaf_spot,bean_angular_leaf_spot_train.135.jpg,bean,angular_leaf_spot,No
bean-angular_leaf_spot,bean_angular_leaf_spot_test.40.jpg,bean,angular_leaf_spot,No
bean-angular_leaf_spot,bean_angular_leaf_spot_test.41.jpg,bean,angular_leaf_spot,No
bean-angular_leaf_spot,bean_angular_leaf_spot_train.134.jpg,bean,angular_leaf_spot,No
bean-angular_leaf_spot,bean_angular_leaf_spot_train.120.jpg,bean,angular_leaf_spot,No
bean-angular_leaf_spot,bean_angular_leaf_spot_train.108.jpg,bean,angular_leaf_spot,No
bean-angular_leaf_spot,bean_angular_leaf_spot_train.6.jpg,bean,angular_leaf_spot,No
bean-angular_leaf_spot,bean_angular_leaf_spot_train.336.jpg,bean,angular_leaf_spot,No
bean-angular_leaf_spot,bean_angular_leaf_spot_train.322.jpg,bean,angular_leaf_spot,No
bean-angular_leaf_spot,bean_angular_leaf_spot_train.55.jpg,bean,angular_leaf_spot,No
bean-angular_leaf_spot,bean_angular_leaf_spot_train.281.jpg,bean,angular_leaf_spot,No
bean-angular_leaf_spot,bean_angular_leaf_spot_train.295.jpg,bean,angular_leaf_spot,No
bean-angular_leaf_spot,bean_angular_leaf_spot_train.41.jpg,bean,angular_leaf_spot,No
bean-angular_leaf_spot,bean_angular_leaf_spot_train.69.jpg,bean,angular_leaf_spot,No
bean-angular_leaf_spot,bean_angular_leaf_spot_train.242.jpg,bean,angular_leaf_spot,No
bean-angular_leaf_spot,bean_angular_leaf_spot_train.96.jpg,bean,angular_leaf_spot,No
bean-angular_leaf_spot,bean_angular_leaf_spot_train.82.jpg,bean,angular_leaf_spot,No
bean-angular_leaf_spot,bean_angular_leaf_spot_train.256.jpg,bean,angular_leaf_spot,No
bean-angular_leaf_spot,bean_angular_leaf_spot_val.37.jpg,bean,angular_leaf_spot,No
bean-angular_leaf_spot,bean_angular_leaf_spot_val.23.jpg,bean,angular_leaf_spot,No
bean-angular_leaf_spot,bean_angular_leaf_spot_val.35.jpg,bean,angular_leaf_spot,No
bean-angular_leaf_spot,bean_angular_leaf_spot_val.21.jpg,bean,angular_leaf_spot,No
bean-angular_leaf_spot,bean_angular_leaf_spot_train.268.jpg,bean,angular_leaf_spot,No
bean-angular_leaf_spot,bean_angular_leaf_spot_train.94.jpg,bean,angular_leaf_spot,No
bean-angular_leaf_spot,bean_angular_leaf_spot_train.240.jpg,bean,angular_leaf_spot,No
bean-angular_leaf_spot,bean_angular_leaf_spot_train.254.jpg,bean,angular_leaf_spot,No
bean-angular_leaf_spot,bean_angular_leaf_spot_train.80.jpg,bean,angular_leaf_spot,No
bean-angular_leaf_spot,bean_angular_leaf_spot_train.283.jpg,bean,angular_leaf_spot,No
bean-angular_leaf_spot,bean_angular_leaf_spot_train.57.jpg,bean,angular_leaf_spot,No
bean-angular_leaf_spot,bean_angular_leaf_spot_train.43.jpg,bean,angular_leaf_spot,No
bean-angular_leaf_spot,bean_angular_leaf_spot_train.297.jpg,bean,angular_leaf_spot,No
bean-angular_leaf_spot,bean_angular_leaf_spot_train.308.jpg,bean,angular_leaf_spot,No
bean-angular_leaf_spot,bean_angular_leaf_spot_train.334.jpg,bean,angular_leaf_spot,No
bean-angular_leaf_spot,bean_angular_leaf_spot_train.320.jpg,bean,angular_leaf_spot,No
bean-angular_leaf_spot,bean_angular_leaf_spot_train.4.jpg,bean,angular_leaf_spot,No
bean-angular_leaf_spot,bean_angular_leaf_spot_train.136.jpg,bean,angular_leaf_spot,No
bean-angular_leaf_spot,bean_angular_leaf_spot_train.122.jpg,bean,angular_leaf_spot,No
bean-angular_leaf_spot,bean_angular_leaf_spot_test.42.jpg,bean,angular_leaf_spot,No
bean-angular_leaf_spot,bean_angular_leaf_spot_train.123.jpg,bean,angular_leaf_spot,No
bean-angular_leaf_spot,bean_angular_leaf_spot_train.137.jpg,bean,angular_leaf_spot,No
bean-angular_leaf_spot,bean_angular_leaf_spot_train.5.jpg,bean,angular_leaf_spot,No
bean-angular_leaf_spot,bean_angular_leaf_spot_train.321.jpg,bean,angular_leaf_spot,No
bean-angular_leaf_spot,bean_angular_leaf_spot_train.335.jpg,bean,angular_leaf_spot,No
bean-angular_leaf_spot,bean_angular_leaf_spot_train.309.jpg,bean,angular_leaf_spot,No
bean-angular_leaf_spot,bean_angular_leaf_spot_train.296.jpg,bean,angular_leaf_spot,No
bean-angular_leaf_spot,bean_angular_leaf_spot_train.42.jpg,bean,angular_leaf_spot,No
bean-angular_leaf_spot,bean_angular_leaf_spot_train.56.jpg,bean,angular_leaf_spot,No
bean-angular_leaf_spot,bean_angular_leaf_spot_train.282.jpg,bean,angular_leaf_spot,No
bean-angular_leaf_spot,bean_angular_leaf_spot_train.81.jpg,bean,angular_leaf_spot,No
bean-angular_leaf_spot,bean_angular_leaf_spot_train.255.jpg,bean,angular_leaf_spot,No
bean-angular_leaf_spot,bean_angular_leaf_spot_train.241.jpg,bean,angular_leaf_spot,No
bean-angular_leaf_spot,bean_angular_leaf_spot_train.95.jpg,bean,angular_leaf_spot,No
bean-angular_leaf_spot,bean_angular_leaf_spot_train.269.jpg,bean,angular_leaf_spot,No
bean-angular_leaf_spot,bean_angular_leaf_spot_val.20.jpg,bean,angular_leaf_spot,No
bean-angular_leaf_spot,bean_angular_leaf_spot_val.34.jpg,bean,angular_leaf_spot,No
bean-angular_leaf_spot,bean_angular_leaf_spot_val.18.jpg,bean,angular_leaf_spot,No
bean-angular_leaf_spot,bean_angular_leaf_spot_val.30.jpg,bean,angular_leaf_spot,No
bean-angular_leaf_spot,bean_angular_leaf_spot_val.24.jpg,bean,angular_leaf_spot,No
bean-angular_leaf_spot,bean_angular_leaf_spot_train.91.jpg,bean,angular_leaf_spot,No
bean-angular_leaf_spot,bean_angular_leaf_spot_train.245.jpg,bean,angular_leaf_spot,No
bean-angular_leaf_spot,bean_angular_leaf_spot_train.251.jpg,bean,angular_leaf_spot,No
bean-angular_leaf_spot,bean_angular_leaf_spot_train.85.jpg,bean,angular_leaf_spot,No
bean-angular_leaf_spot,bean_angular_leaf_spot_train.279.jpg,bean,angular_leaf_spot,No
bean-angular_leaf_spot,bean_angular_leaf_spot_train.286.jpg,bean,angular_leaf_spot,No
bean-angular_leaf_spot,bean_angular_leaf_spot_train.52.jpg,bean,angular_leaf_spot,No
bean-angular_leaf_spot,bean_angular_leaf_spot_train.46.jpg,bean,angular_leaf_spot,No
bean-angular_leaf_spot,bean_angular_leaf_spot_train.292.jpg,bean,angular_leaf_spot,No
bean-angular_leaf_spot,bean_angular_leaf_spot_train.331.jpg,bean,angular_leaf_spot,No
bean-angular_leaf_spot,bean_angular_leaf_spot_train.325.jpg,bean,angular_leaf_spot,No
bean-angular_leaf_spot,bean_angular_leaf_spot_train.319.jpg,bean,angular_leaf_spot,No
bean-angular_leaf_spot,bean_angular_leaf_spot_train.133.jpg,bean,angular_leaf_spot,No
bean-angular_leaf_spot,bean_angular_leaf_spot_train.127.jpg,bean,angular_leaf_spot,No
bean-angular_leaf_spot,bean_angular_leaf_spot_train.1.jpg,bean,angular_leaf_spot,No
bean-angular_leaf_spot,bean_angular_leaf_spot_train.0.jpg,bean,angular_leaf_spot,No
bean-angular_leaf_spot,bean_angular_leaf_spot_train.126.jpg,bean,angular_leaf_spot,No
bean-angular_leaf_spot,bean_angular_leaf_spot_train.132.jpg,bean,angular_leaf_spot,No
bean-angular_leaf_spot,bean_angular_leaf_spot_train.318.jpg,bean,angular_leaf_spot,No
bean-angular_leaf_spot,bean_angular_leaf_spot_train.324.jpg,bean,angular_leaf_spot,No
bean-angular_leaf_spot,bean_angular_leaf_spot_train.330.jpg,bean,angular_leaf_spot,No
bean-angular_leaf_spot,bean_angular_leaf_spot_train.293.jpg,bean,angular_leaf_spot,No
bean-angular_leaf_spot,bean_angular_leaf_spot_train.47.jpg,bean,angular_leaf_spot,No
bean-angular_leaf_spot,bean_angular_leaf_spot_train.53.jpg,bean,angular_leaf_spot,No
bean-angular_leaf_spot,bean_angular_leaf_spot_train.287.jpg,bean,angular_leaf_spot,No
bean-angular_leaf_spot,bean_angular_leaf_spot_train.278.jpg,bean,angular_leaf_spot,No
bean-angular_leaf_spot,bean_angular_leaf_spot_train.84.jpg,bean,angular_leaf_spot,No
bean-angular_leaf_spot,bean_angular_leaf_spot_train.250.jpg,bean,angular_leaf_spot,No
bean-angular_leaf_spot,bean_angular_leaf_spot_train.244.jpg,bean,angular_leaf_spot,No
bean-angular_leaf_spot,bean_angular_leaf_spot_train.90.jpg,bean,angular_leaf_spot,No
bean-angular_leaf_spot,bean_angular_leaf_spot_val.25.jpg,bean,angular_leaf_spot,No
bean-angular_leaf_spot,bean_angular_leaf_spot_val.31.jpg,bean,angular_leaf_spot,No
bean-angular_leaf_spot,bean_angular_leaf_spot_val.19.jpg,bean,angular_leaf_spot,No
bean-angular_leaf_spot,bean_angular_leaf_spot_val.27.jpg,bean,angular_leaf_spot,No
bean-angular_leaf_spot,bean_angular_leaf_spot_val.33.jpg,bean,angular_leaf_spot,No
bean-angular_leaf_spot,bean_angular_leaf_spot_train.252.jpg,bean,angular_leaf_spot,No
bean-angular_leaf_spot,bean_angular_leaf_spot_train.86.jpg,bean,angular_leaf_spot,No
bean-angular_leaf_spot,bean_angular_leaf_spot_train.92.jpg,bean,angular_leaf_spot,No
bean-angular_leaf_spot,bean_angular_leaf_spot_train.246.jpg,bean,angular_leaf_spot,No
bean-angular_leaf_spot,bean_angular_leaf_spot_train.45.jpg,bean,angular_leaf_spot,No
bean-angular_leaf_spot,bean_angular_leaf_spot_train.291.jpg,bean,angular_leaf_spot,No
bean-angular_leaf_spot,bean_angular_leaf_spot_train.285.jpg,bean,angular_leaf_spot,No
bean-angular_leaf_spot,bean_angular_leaf_spot_train.51.jpg,bean,angular_leaf_spot,No
bean-angular_leaf_spot,bean_angular_leaf_spot_train.79.jpg,bean,angular_leaf_spot,No
bean-angular_leaf_spot,bean_angular_leaf_spot_train.326.jpg,bean,angular_leaf_spot,No
bean-angular_leaf_spot,bean_angular_leaf_spot_train.332.jpg,bean,angular_leaf_spot,No
bean-angular_leaf_spot,bean_angular_leaf_spot_train.124.jpg,bean,angular_leaf_spot,No
bean-angular_leaf_spot,bean_angular_leaf_spot_train.130.jpg,bean,angular_leaf_spot,No
bean-angular_leaf_spot,bean_angular_leaf_spot_train.118.jpg,bean,angular_leaf_spot,No
bean-angular_leaf_spot,bean_angular_leaf_spot_train.2.jpg,bean,angular_leaf_spot,No
bean-angular_leaf_spot,bean_angular_leaf_spot_train.3.jpg,bean,angular_leaf_spot,No
bean-angular_leaf_spot,bean_angular_leaf_spot_train.119.jpg,bean,angular_leaf_spot,No
bean-angular_leaf_spot,bean_angular_leaf_spot_train.131.jpg,bean,angular_leaf_spot,No
bean-angular_leaf_spot,bean_angular_leaf_spot_train.125.jpg,bean,angular_leaf_spot,No
bean-angular_leaf_spot,bean_angular_leaf_spot_train.333.jpg,bean,angular_leaf_spot,No
bean-angular_leaf_spot,bean_angular_leaf_spot_train.327.jpg,bean,angular_leaf_spot,No
bean-angular_leaf_spot,bean_angular_leaf_spot_train.78.jpg,bean,angular_leaf_spot,No
bean-angular_leaf_spot,bean_angular_leaf_spot_train.50.jpg,bean,angular_leaf_spot,No
bean-angular_leaf_spot,bean_angular_leaf_spot_train.284.jpg,bean,angular_leaf_spot,No
bean-angular_leaf_spot,bean_angular_leaf_spot_train.290.jpg,bean,angular_leaf_spot,No
bean-angular_leaf_spot,bean_angular_leaf_spot_train.44.jpg,bean,angular_leaf_spot,No
bean-angular_leaf_spot,bean_angular_leaf_spot_train.247.jpg,bean,angular_leaf_spot,No
bean-angular_leaf_spot,bean_angular_leaf_spot_train.93.jpg,bean,angular_leaf_spot,No
bean-angular_leaf_spot,bean_angular_leaf_spot_train.87.jpg,bean,angular_leaf_spot,No
bean-angular_leaf_spot,bean_angular_leaf_spot_train.253.jpg,bean,angular_leaf_spot,No
bean-angular_leaf_spot,bean_angular_leaf_spot_val.32.jpg,bean,angular_leaf_spot,No
bean-angular_leaf_spot,bean_angular_leaf_spot_val.26.jpg,bean,angular_leaf_spot,No
bean-angular_leaf_spot,bean_angular_leaf_spot_val.41.jpg,bean,angular_leaf_spot,No
bean-angular_leaf_spot,bean_angular_leaf_spot_test.4.jpg,bean,angular_leaf_spot,No
bean-angular_leaf_spot,bean_angular_leaf_spot_train.208.jpg,bean,angular_leaf_spot,No
bean-angular_leaf_spot,bean_angular_leaf_spot_train.234.jpg,bean,angular_leaf_spot,No
bean-angular_leaf_spot,bean_angular_leaf_spot_train.220.jpg,bean,angular_leaf_spot,No
bean-angular_leaf_spot,bean_angular_leaf_spot_train.23.jpg,bean,angular_leaf_spot,No
bean-angular_leaf_spot,bean_angular_leaf_spot_train.37.jpg,bean,angular_leaf_spot,No
bean-angular_leaf_spot,bean_angular_leaf_spot_train.340.jpg,bean,angular_leaf_spot,No
bean-angular_leaf_spot,bean_angular_leaf_spot_train.142.jpg,bean,angular_leaf_spot,No
bean-angular_leaf_spot,bean_angular_leaf_spot_train.156.jpg,bean,angular_leaf_spot,No
bean-angular_leaf_spot,bean_angular_leaf_spot_test.37.jpg,bean,angular_leaf_spot,No
bean-angular_leaf_spot,bean_angular_leaf_spot_test.23.jpg,bean,angular_leaf_spot,No
bean-angular_leaf_spot,bean_angular_leaf_spot_train.181.jpg,bean,angular_leaf_spot,No
bean-angular_leaf_spot,bean_angular_leaf_spot_train.195.jpg,bean,angular_leaf_spot,No
bean-angular_leaf_spot,bean_angular_leaf_spot_train.194.jpg,bean,angular_leaf_spot,No
bean-angular_leaf_spot,bean_angular_leaf_spot_train.180.jpg,bean,angular_leaf_spot,No
bean-angular_leaf_spot,bean_angular_leaf_spot_test.22.jpg,bean,angular_leaf_spot,No
bean-angular_leaf_spot,bean_angular_leaf_spot_test.36.jpg,bean,angular_leaf_spot,No
bean-angular_leaf_spot,bean_angular_leaf_spot_train.157.jpg,bean,angular_leaf_spot,No
bean-angular_leaf_spot,bean_angular_leaf_spot_train.143.jpg,bean,angular_leaf_spot,No
bean-angular_leaf_spot,bean_angular_leaf_spot_train.341.jpg,bean,angular_leaf_spot,No
bean-angular_leaf_spot,bean_angular_leaf_spot_train.36.jpg,bean,angular_leaf_spot,No
bean-angular_leaf_spot,bean_angular_leaf_spot_train.22.jpg,bean,angular_leaf_spot,No
bean-angular_leaf_spot,bean_angular_leaf_spot_train.221.jpg,bean,angular_leaf_spot,No
bean-angular_leaf_spot,bean_angular_leaf_spot_train.235.jpg,bean,angular_leaf_spot,No
bean-angular_leaf_spot,bean_angular_leaf_spot_train.209.jpg,bean,angular_leaf_spot,No
bean-angular_leaf_spot,bean_angular_leaf_spot_test.5.jpg,bean,angular_leaf_spot,No
bean-angular_leaf_spot,bean_angular_leaf_spot_val.40.jpg,bean,angular_leaf_spot,No
bean-angular_leaf_spot,bean_angular_leaf_spot_val.42.jpg,bean,angular_leaf_spot,No
bean-angular_leaf_spot,bean_angular_leaf_spot_test.7.jpg,bean,angular_leaf_spot,No
bean-angular_leaf_spot,bean_angular_leaf_spot_train.223.jpg,bean,angular_leaf_spot,No
bean-angular_leaf_spot,bean_angular_leaf_spot_train.237.jpg,bean,angular_leaf_spot,No
bean-angular_leaf_spot,bean_angular_leaf_spot_train.34.jpg,bean,angular_leaf_spot,No
bean-angular_leaf_spot,bean_angular_leaf_spot_train.20.jpg,bean,angular_leaf_spot,No
bean-angular_leaf_spot,bean_angular_leaf_spot_train.343.jpg,bean,angular_leaf_spot,No
bean-angular_leaf_spot,bean_angular_leaf_spot_train.169.jpg,bean,angular_leaf_spot,No
bean-angular_leaf_spot,bean_angular_leaf_spot_train.155.jpg,bean,angular_leaf_spot,No
bean-angular_leaf_spot,bean_angular_leaf_spot_train.141.jpg,bean,angular_leaf_spot,No
bean-angular_leaf_spot,bean_angular_leaf_spot_test.20.jpg,bean,angular_leaf_spot,No
bean-angular_leaf_spot,bean_angular_leaf_spot_test.34.jpg,bean,angular_leaf_spot,No
bean-angular_leaf_spot,bean_angular_leaf_spot_train.196.jpg,bean,angular_leaf_spot,No
bean-angular_leaf_spot,bean_angular_leaf_spot_train.182.jpg,bean,angular_leaf_spot,No
bean-angular_leaf_spot,bean_angular_leaf_spot_train.183.jpg,bean,angular_leaf_spot,No
bean-angular_leaf_spot,bean_angular_leaf_spot_train.197.jpg,bean,angular_leaf_spot,No
bean-angular_leaf_spot,bean_angular_leaf_spot_test.35.jpg,bean,angular_leaf_spot,No
bean-angular_leaf_spot,bean_angular_leaf_spot_test.21.jpg,bean,angular_leaf_spot,No
bean-angular_leaf_spot,bean_angular_leaf_spot_train.140.jpg,bean,angular_leaf_spot,No
bean-angular_leaf_spot,bean_angular_leaf_spot_train.154.jpg,bean,angular_leaf_spot,No
bean-angular_leaf_spot,bean_angular_leaf_spot_train.168.jpg,bean,angular_leaf_spot,No
bean-angular_leaf_spot,bean_angular_leaf_spot_train.342.jpg,bean,angular_leaf_spot,No
bean-angular_leaf_spot,bean_angular_leaf_spot_train.21.jpg,bean,angular_leaf_spot,No
bean-angular_leaf_spot,bean_angular_leaf_spot_train.35.jpg,bean,angular_leaf_spot,No
bean-angular_leaf_spot,bean_angular_leaf_spot_train.236.jpg,bean,angular_leaf_spot,No
bean-angular_leaf_spot,bean_angular_leaf_spot_train.222.jpg,bean,angular_leaf_spot,No
bean-angular_leaf_spot,bean_angular_leaf_spot_test.6.jpg,bean,angular_leaf_spot,No
bean-angular_leaf_spot,bean_angular_leaf_spot_val.43.jpg,bean,angular_leaf_spot,No
bean-angular_leaf_spot,bean_angular_leaf_spot_val.9.jpg,bean,angular_leaf_spot,No
bean-angular_leaf_spot,bean_angular_leaf_spot_test.2.jpg,bean,angular_leaf_spot,No
bean-angular_leaf_spot,bean_angular_leaf_spot_train.226.jpg,bean,angular_leaf_spot,No
bean-angular_leaf_spot,bean_angular_leaf_spot_train.232.jpg,bean,angular_leaf_spot,No
bean-angular_leaf_spot,bean_angular_leaf_spot_train.31.jpg,bean,angular_leaf_spot,No
bean-angular_leaf_spot,bean_angular_leaf_spot_train.25.jpg,bean,angular_leaf_spot,No
bean-angular_leaf_spot,bean_angular_leaf_spot_train.19.jpg,bean,angular_leaf_spot,No
bean-angular_leaf_spot,bean_angular_leaf_spot_train.150.jpg,bean,angular_leaf_spot,No
bean-angular_leaf_spot,bean_angular_leaf_spot_train.144.jpg,bean,angular_leaf_spot,No
bean-angular_leaf_spot,bean_angular_leaf_spot_train.178.jpg,bean,angular_leaf_spot,No
bean-angular_leaf_spot,bean_angular_leaf_spot_test.19.jpg,bean,angular_leaf_spot,No
bean-angular_leaf_spot,bean_angular_leaf_spot_train.193.jpg,bean,angular_leaf_spot,No
bean-angular_leaf_spot,bean_angular_leaf_spot_train.187.jpg,bean,angular_leaf_spot,No
bean-angular_leaf_spot,bean_angular_leaf_spot_test.25.jpg,bean,angular_leaf_spot,No
bean-angular_leaf_spot,bean_angular_leaf_spot_test.31.jpg,bean,angular_leaf_spot,No
bean-angular_leaf_spot,bean_angular_leaf_spot_test.30.jpg,bean,angular_leaf_spot,No
bean-angular_leaf_spot,bean_angular_leaf_spot_test.24.jpg,bean,angular_leaf_spot,No
bean-angular_leaf_spot,bean_angular_leaf_spot_train.186.jpg,bean,angular_leaf_spot,No
bean-angular_leaf_spot,bean_angular_leaf_spot_test.18.jpg,bean,angular_leaf_spot,No
bean-angular_leaf_spot,bean_angular_leaf_spot_train.192.jpg,bean,angular_leaf_spot,No
bean-angular_leaf_spot,bean_angular_leaf_spot_train.179.jpg,bean,angular_leaf_spot,No
bean-angular_leaf_spot,bean_angular_leaf_spot_train.145.jpg,bean,angular_leaf_spot,No
bean-angular_leaf_spot,bean_angular_leaf_spot_train.151.jpg,bean,angular_leaf_spot,No
bean-angular_leaf_spot,bean_angular_leaf_spot_train.18.jpg,bean,angular_leaf_spot,No
bean-angular_leaf_spot,bean_angular_leaf_spot_train.24.jpg,bean,angular_leaf_spot,No
bean-angular_leaf_spot,bean_angular_leaf_spot_train.30.jpg,bean,angular_leaf_spot,No
bean-angular_leaf_spot,bean_angular_leaf_spot_train.233.jpg,bean,angular_leaf_spot,No
bean-angular_leaf_spot,bean_angular_leaf_spot_train.227.jpg,bean,angular_leaf_spot,No
bean-angular_leaf_spot,bean_angular_leaf_spot_test.3.jpg,bean,angular_leaf_spot,No
bean-angular_leaf_spot,bean_angular_leaf_spot_val.8.jpg,bean,angular_leaf_spot,No
bean-angular_leaf_spot,bean_angular_leaf_spot_test.1.jpg,bean,angular_leaf_spot,No
bean-angular_leaf_spot,bean_angular_leaf_spot_train.231.jpg,bean,angular_leaf_spot,No
bean-angular_leaf_spot,bean_angular_leaf_spot_train.225.jpg,bean,angular_leaf_spot,No
bean-angular_leaf_spot,bean_angular_leaf_spot_train.219.jpg,bean,angular_leaf_spot,No
bean-angular_leaf_spot,bean_angular_leaf_spot_train.26.jpg,bean,angular_leaf_spot,No
bean-angular_leaf_spot,bean_angular_leaf_spot_train.32.jpg,bean,angular_leaf_spot,No
bean-angular_leaf_spot,bean_angular_leaf_spot_train.147.jpg,bean,angular_leaf_spot,No
bean-angular_leaf_spot,bean_angular_leaf_spot_train.153.jpg,bean,angular_leaf_spot,No
bean-angular_leaf_spot,bean_angular_leaf_spot_train.184.jpg,bean,angular_leaf_spot,No
bean-angular_leaf_spot,bean_angular_leaf_spot_train.190.jpg,bean,angular_leaf_spot,No
bean-angular_leaf_spot,bean_angular_leaf_spot_test.32.jpg,bean,angular_leaf_spot,No
bean-angular_leaf_spot,bean_angular_leaf_spot_test.26.jpg,bean,angular_leaf_spot,No
bean-angular_leaf_spot,bean_angular_leaf_spot_test.27.jpg,bean,angular_leaf_spot,No
bean-angular_leaf_spot,bean_angular_leaf_spot_test.33.jpg,bean,angular_leaf_spot,No
bean-angular_leaf_spot,bean_angular_leaf_spot_train.191.jpg,bean,angular_leaf_spot,No
bean-angular_leaf_spot,bean_angular_leaf_spot_train.185.jpg,bean,angular_leaf_spot,No
bean-angular_leaf_spot,bean_angular_leaf_spot_train.152.jpg,bean,angular_leaf_spot,No
bean-angular_leaf_spot,bean_angular_leaf_spot_train.146.jpg,bean,angular_leaf_spot,No
bean-angular_leaf_spot,bean_angular_leaf_spot_train.344.jpg,bean,angular_leaf_spot,No
bean-angular_leaf_spot,bean_angular_leaf_spot_train.33.jpg,bean,angular_leaf_spot,No
bean-angular_leaf_spot,bean_angular_leaf_spot_train.27.jpg,bean,angular_leaf_spot,No
bean-angular_leaf_spot,bean_angular_leaf_spot_train.218.jpg,bean,angular_leaf_spot,No
bean-angular_leaf_spot,bean_angular_leaf_spot_train.224.jpg,bean,angular_leaf_spot,No
bean-angular_leaf_spot,bean_angular_leaf_spot_train.230.jpg,bean,angular_leaf_spot,No
bean-angular_leaf_spot,bean_angular_leaf_spot_test.0.jpg,bean,angular_leaf_spot,No
cauliflower-healthy,cauliflower_No disease. (23).jpg,cauliflower,healthy,Sí
cauliflower-healthy,cauliflower_No disease. (74).jpg,cauliflower,healthy,Sí
cauliflower-healthy,cauliflower_No disease. (129).jpg,cauliflower,healthy,Sí
cauliflower-healthy,cauliflower_No disease. (62).jpg,cauliflower,healthy,Sí
cauliflower-healthy,cauliflower_No disease. (1).jpeg,cauliflower,healthy,Sí
cauliflower-healthy,cauliflower_No disease. (35).jpg,cauliflower,healthy,Sí
cauliflower-healthy,cauliflower_No disease. (168).jpg,cauliflower,healthy,Sí
cauliflower-healthy,cauliflower_No disease. (187).jpg,cauliflower,healthy,Sí
cauliflower-healthy,cauliflower_No disease. (113).jpg,cauliflower,healthy,Sí
cauliflower-healthy,cauliflower_No disease. (144).jpg,cauliflower,healthy,Sí
cauliflower-healthy,cauliflower_No disease. (19).jpg,cauliflower,healthy,Sí
cauliflower-healthy,cauliflower_No disease. (12).jpeg,cauliflower,healthy,Sí
cauliflower-healthy,cauliflower_No disease. (152).jpg,cauliflower,healthy,Sí
cauliflower-healthy,cauliflower_No disease. (105).jpg,cauliflower,healthy,Sí
cauliflower-healthy,cauliflower_No disease. (58).jpg,cauliflower,healthy,Sí
cauliflower-healthy,cauliflower_No disease. (172).jpg,cauliflower,healthy,Sí
cauliflower-healthy,cauliflower_No disease. (10).jpeg,cauliflower,healthy,Sí
cauliflower-healthy,cauliflower_No disease. (125).jpg,cauliflower,healthy,Sí
cauliflower-healthy,cauliflower_No disease. (78).jpg,cauliflower,healthy,Sí
cauliflower-healthy,cauliflower_No disease. (1).jpg,cauliflower,healthy,Sí
cauliflower-healthy,cauliflower_No disease. (97).jpg,cauliflower,healthy,Sí
cauliflower-healthy,cauliflower_No disease. (133).jpg,cauliflower,healthy,Sí
cauliflower-healthy,cauliflower_No disease. (81).jpg,cauliflower,healthy,Sí
cauliflower-healthy,cauliflower_No disease. (164).jpg,cauliflower,healthy,Sí
cauliflower-healthy,cauliflower_No disease. (39).jpg,cauliflower,healthy,Sí
cauliflower-healthy,cauliflower_No disease. (3).jpeg,cauliflower,healthy,Sí
cauliflower-healthy,cauliflower_No disease. (42).jpg,cauliflower,healthy,Sí
cauliflower-healthy,cauliflower_No disease. (15).jpg,cauliflower,healthy,Sí
cauliflower-healthy,cauliflower_No disease. (148).jpg,cauliflower,healthy,Sí
cauliflower-healthy,cauliflower_No disease. (54).jpg,cauliflower,healthy,Sí
cauliflower-healthy,cauliflower_No disease. (109).jpg,cauliflower,healthy,Sí
cauliflower-healthy,cauliflower_No disease. (55).jpg,cauliflower,healthy,Sí
cauliflower-healthy,cauliflower_No disease. (108).jpg,cauliflower,healthy,Sí
cauliflower-healthy,cauliflower_No disease. (7).jpeg,cauliflower,healthy,Sí
cauliflower-healthy,cauliflower_No disease. (14).jpg,cauliflower,healthy,Sí
cauliflower-healthy,cauliflower_No disease. (149).jpg,cauliflower,healthy,Sí
cauliflower-healthy,cauliflower_No disease. (43).jpg,cauliflower,healthy,Sí
cauliflower-healthy,cauliflower_No disease. (165).jpg,cauliflower,healthy,Sí
cauliflower-healthy,cauliflower_No disease. (38).jpg,cauliflower,healthy,Sí
cauliflower-healthy,cauliflower_No disease. (132).jpg,cauliflower,healthy,Sí
cauliflower-healthy,cauliflower_No disease. (14).jpeg,cauliflower,healthy,Sí
cauliflower-healthy,cauliflower_No disease. (80).jpg,cauliflower,healthy,Sí
cauliflower-healthy,cauliflower_No disease. (124).jpg,cauliflower,healthy,Sí
cauliflower-healthy,cauliflower_No disease. (79).jpg,cauliflower,healthy,Sí
cauliflower-healthy,cauliflower_No disease. (96).jpg,cauliflower,healthy,Sí
cauliflower-healthy,cauliflower_No disease. (173).jpg,cauliflower,healthy,Sí
cauliflower-healthy,cauliflower_No disease. (104).jpg,cauliflower,healthy,Sí
cauliflower-healthy,cauliflower_No disease. (59).jpg,cauliflower,healthy,Sí
cauliflower-healthy,cauliflower_No disease. (153).jpg,cauliflower,healthy,Sí
cauliflower-healthy,cauliflower_No disease. (145).jpg,cauliflower,healthy,Sí
cauliflower-healthy,cauliflower_No disease. (18).jpg,cauliflower,healthy,Sí
cauliflower-healthy,cauliflower_No disease. (16).jpeg,cauliflower,healthy,Sí
cauliflower-healthy,cauliflower_No disease. (112).jpg,cauliflower,healthy,Sí
cauliflower-healthy,cauliflower_No disease. (34).jpg,cauliflower,healthy,Sí
cauliflower-healthy,cauliflower_No disease. (169).jpg,cauliflower,healthy,Sí
cauliflower-healthy,cauliflower_No disease. (186).jpg,cauliflower,healthy,Sí
cauliflower-healthy,cauliflower_No disease. (63).jpg,cauliflower,healthy,Sí
cauliflower-healthy,cauliflower_No disease. (75).jpg,cauliflower,healthy,Sí
cauliflower-healthy,cauliflower_No disease. (128).jpg,cauliflower,healthy,Sí
cauliflower-healthy,cauliflower_No disease. (22).jpg,cauliflower,healthy,Sí
cauliflower-healthy,cauliflower_No disease. (5).jpeg,cauliflower,healthy,Sí
cauliflower-healthy,cauliflower_No disease. (174).jpg,cauliflower,healthy,Sí
cauliflower-healthy,cauliflower_No disease. (29).jpg,cauliflower,healthy,Sí
cauliflower-healthy,cauliflower_No disease. (123).jpg,cauliflower,healthy,Sí
cauliflower-healthy,cauliflower_No disease. (91).jpg,cauliflower,healthy,Sí
cauliflower-healthy,cauliflower_No disease. (7).jpg,cauliflower,healthy,Sí
cauliflower-healthy,cauliflower_No disease. (135).jpg,cauliflower,healthy,Sí
cauliflower-healthy,cauliflower_No disease. (68).jpg,cauliflower,healthy,Sí
cauliflower-healthy,cauliflower_No disease. (87).jpg,cauliflower,healthy,Sí
cauliflower-healthy,cauliflower_No disease. (162).jpg,cauliflower,healthy,Sí
cauliflower-healthy,cauliflower_No disease. (11).jpeg,cauliflower,healthy,Sí
cauliflower-healthy,cauliflower_No disease. (44).jpg,cauliflower,healthy,Sí
cauliflower-healthy,cauliflower_No disease. (119).jpg,cauliflower,healthy,Sí
cauliflower-healthy,cauliflower_No disease. (13).jpg,cauliflower,healthy,Sí
cauliflower-healthy,cauliflower_No disease. (158).jpg,cauliflower,healthy,Sí
cauliflower-healthy,cauliflower_No disease. (2).jpeg,cauliflower,healthy,Sí
cauliflower-healthy,cauliflower_No disease. (52).jpg,cauliflower,healthy,Sí
cauliflower-healthy,cauliflower_No disease. (25).jpg,cauliflower,healthy,Sí
cauliflower-healthy,cauliflower_No disease. (178).jpg,cauliflower,healthy,Sí
cauliflower-healthy,cauliflower_No disease. (72).jpg,cauliflower,healthy,Sí
cauliflower-healthy,cauliflower_No disease. (64).jpg,cauliflower,healthy,Sí
cauliflower-healthy,cauliflower_No disease. (139).jpg,cauliflower,healthy,Sí
cauliflower-healthy,cauliflower_No disease. (33).jpg,cauliflower,healthy,Sí
cauliflower-healthy,cauliflower_No disease. (181).jpg,cauliflower,healthy,Sí
cauliflower-healthy,cauliflower_No disease. (115).jpg,cauliflower,healthy,Sí
cauliflower-healthy,cauliflower_No disease. (48).jpg,cauliflower,healthy,Sí
cauliflower-healthy,cauliflower_No disease. (13).jpeg,cauliflower,healthy,Sí
cauliflower-healthy,cauliflower_No disease. (142).jpg,cauliflower,healthy,Sí
cauliflower-healthy,cauliflower_No disease. (154).jpg,cauliflower,healthy,Sí
cauliflower-healthy,cauliflower_No disease. (103).jpg,cauliflower,healthy,Sí
cauliflower-healthy,cauliflower_No disease. (17).jpeg,cauliflower,healthy,Sí
cauliflower-healthy,cauliflower_No disease. (102).jpg,cauliflower,healthy,Sí
cauliflower-healthy,cauliflower_No disease. (155).jpg,cauliflower,healthy,Sí
cauliflower-healthy,cauliflower_No disease. (143).jpg,cauliflower,healthy,Sí
cauliflower-healthy,cauliflower_No disease. (114).jpg,cauliflower,healthy,Sí
cauliflower-healthy,cauliflower_No disease. (49).jpg,cauliflower,healthy,Sí
cauliflower-healthy,cauliflower_No disease. (32).jpg,cauliflower,healthy,Sí
cauliflower-healthy,cauliflower_No disease. (4).jpeg,cauliflower,healthy,Sí
cauliflower-healthy,cauliflower_No disease. (180).jpg,cauliflower,healthy,Sí
cauliflower-healthy,cauliflower_No disease. (65).jpg,cauliflower,healthy,Sí
cauliflower-healthy,cauliflower_No disease. (138).jpg,cauliflower,healthy,Sí
cauliflower-healthy,cauliflower_No disease. (73).jpg,cauliflower,healthy,Sí
cauliflower-healthy,cauliflower_No disease. (24).jpg,cauliflower,healthy,Sí
cauliflower-healthy,cauliflower_No disease. (179).jpg,cauliflower,healthy,Sí
cauliflower-healthy,cauliflower_No disease. (53).jpg,cauliflower,healthy,Sí
cauliflower-healthy,cauliflower_No disease. (159).jpg,cauliflower,healthy,Sí
cauliflower-healthy,cauliflower_No disease. (6).jpeg,cauliflower,healthy,Sí
cauliflower-healthy,cauliflower_No disease. (12).jpg,cauliflower,healthy,Sí
cauliflower-healthy,cauliflower_No disease. (45).jpg,cauliflower,healthy,Sí
cauliflower-healthy,cauliflower_No disease. (118).jpg,cauliflower,healthy,Sí
cauliflower-healthy,cauliflower_No disease. (163).jpg,cauliflower,healthy,Sí
cauliflower-healthy,cauliflower_No disease. (134).jpg,cauliflower,healthy,Sí
cauliflower-healthy,cauliflower_No disease. (69).jpg,cauliflower,healthy,Sí
cauliflower-healthy,cauliflower_No disease. (86).jpg,cauliflower,healthy,Sí
cauliflower-healthy,cauliflower_No disease. (122).jpg,cauliflower,healthy,Sí
cauliflower-healthy,cauliflower_No disease. (90).jpg,cauliflower,healthy,Sí
cauliflower-healthy,cauliflower_No disease. (15).jpeg,cauliflower,healthy,Sí
cauliflower-healthy,cauliflower_No disease. (6).jpg,cauliflower,healthy,Sí
cauliflower-healthy,cauliflower_No disease. (175).jpg,cauliflower,healthy,Sí
cauliflower-healthy,cauliflower_No disease. (28).jpg,cauliflower,healthy,Sí
cauliflower-healthy,cauliflower_No disease. (50).jpg,cauliflower,healthy,Sí
cauliflower-healthy,cauliflower_No disease. (11).jpg,cauliflower,healthy,Sí
cauliflower-healthy,cauliflower_No disease. (46).jpg,cauliflower,healthy,Sí
cauliflower-healthy,cauliflower_No disease. (160).jpg,cauliflower,healthy,Sí
cauliflower-healthy,cauliflower_No disease. (85).jpg,cauliflower,healthy,Sí
cauliflower-healthy,cauliflower_No disease. (137).jpg,cauliflower,healthy,Sí
cauliflower-healthy,cauliflower_No disease. (5).jpg,cauliflower,healthy,Sí
cauliflower-healthy,cauliflower_No disease. (93).jpg,cauliflower,healthy,Sí
cauliflower-healthy,cauliflower_No disease. (121).jpg,cauliflower,healthy,Sí
cauliflower-healthy,cauliflower_No disease. (176).jpg,cauliflower,healthy,Sí
cauliflower-healthy,cauliflower_No disease. (101).jpg,cauliflower,healthy,Sí
cauliflower-healthy,cauliflower_No disease. (156).jpg,cauliflower,healthy,Sí
cauliflower-healthy,cauliflower_No disease. (8).jpeg,cauliflower,healthy,Sí
cauliflower-healthy,cauliflower_No disease. (140).jpg,cauliflower,healthy,Sí
cauliflower-healthy,cauliflower_No disease. (117).jpg,cauliflower,healthy,Sí
cauliflower-healthy,cauliflower_No disease. (183).jpg,cauliflower,healthy,Sí
cauliflower-healthy,cauliflower_No disease. (31).jpg,cauliflower,healthy,Sí
cauliflower-healthy,cauliflower_No disease. (89).jpg,cauliflower,healthy,Sí
cauliflower-healthy,cauliflower_No disease. (66).jpg,cauliflower,healthy,Sí
cauliflower-healthy,cauliflower_No disease. (9).jpg,cauliflower,healthy,Sí
cauliflower-healthy,cauliflower_No disease. (70).jpg,cauliflower,healthy,Sí
cauliflower-healthy,cauliflower_No disease. (27).jpg,cauliflower,healthy,Sí
cauliflower-healthy,cauliflower_No disease. (26).jpg,cauliflower,healthy,Sí
cauliflower-healthy,cauliflower_No disease. (8).jpg,cauliflower,healthy,Sí
cauliflower-healthy,cauliflower_No disease. (71).jpg,cauliflower,healthy,Sí
cauliflower-healthy,cauliflower_No disease. (88).jpg,cauliflower,healthy,Sí
cauliflower-healthy,cauliflower_No disease. (67).jpg,cauliflower,healthy,Sí
cauliflower-healthy,cauliflower_No disease. (182).jpg,cauliflower,healthy,Sí
cauliflower-healthy,cauliflower_No disease. (30).jpg,cauliflower,healthy,Sí
cauliflower-healthy,cauliflower_No disease. (116).jpg,cauliflower,healthy,Sí
cauliflower-healthy,cauliflower_No disease. (141).jpg,cauliflower,healthy,Sí
cauliflower-healthy,cauliflower_No disease. (157).jpg,cauliflower,healthy,Sí
cauliflower-healthy,cauliflower_No disease. (100).jpg,cauliflower,healthy,Sí
cauliflower-healthy,cauliflower_No disease. (177).jpg,cauliflower,healthy,Sí
cauliflower-healthy,cauliflower_No disease. (4).jpg,cauliflower,healthy,Sí
cauliflower-healthy,cauliflower_No disease. (92).jpg,cauliflower,healthy,Sí
cauliflower-healthy,cauliflower_No disease. (120).jpg,cauliflower,healthy,Sí
cauliflower-healthy,cauliflower_No disease. (84).jpg,cauliflower,healthy,Sí
cauliflower-healthy,cauliflower_No disease. (136).jpg,cauliflower,healthy,Sí
cauliflower-healthy,cauliflower_No disease. (161).jpg,cauliflower,healthy,Sí
cauliflower-healthy,cauliflower_No disease. (47).jpg,cauliflower,healthy,Sí
cauliflower-healthy,cauliflower_No disease. (10).jpg,cauliflower,healthy,Sí
cauliflower-healthy,cauliflower_No disease. (51).jpg,cauliflower,healthy,Sí
cauliflower-healthy,cauliflower_No disease. (107).jpg,cauliflower,healthy,Sí
cauliflower-healthy,cauliflower_No disease. (150).jpg,cauliflower,healthy,Sí
cauliflower-healthy,cauliflower_No disease. (9).jpeg,cauliflower,healthy,Sí
cauliflower-healthy,cauliflower_No disease. (146).jpg,cauliflower,healthy,Sí
cauliflower-healthy,cauliflower_No disease. (111).jpg,cauliflower,healthy,Sí
cauliflower-healthy,cauliflower_No disease. (185).jpg,cauliflower,healthy,Sí
cauliflower-healthy,cauliflower_No disease. (37).jpg,cauliflower,healthy,Sí
cauliflower-healthy,cauliflower_No disease. (60).jpg,cauliflower,healthy,Sí
cauliflower-healthy,cauliflower_No disease. (99).jpg,cauliflower,healthy,Sí
cauliflower-healthy,cauliflower_No disease. (76).jpg,cauliflower,healthy,Sí
cauliflower-healthy,cauliflower_No disease. (21).jpg,cauliflower,healthy,Sí
cauliflower-healthy,cauliflower_No disease. (56).jpg,cauliflower,healthy,Sí
cauliflower-healthy,cauliflower_No disease. (17).jpg,cauliflower,healthy,Sí
cauliflower-healthy,cauliflower_No disease. (18).jpeg,cauliflower,healthy,Sí
cauliflower-healthy,cauliflower_No disease. (40).jpg,cauliflower,healthy,Sí
cauliflower-healthy,cauliflower_No disease. (166).jpg,cauliflower,healthy,Sí
cauliflower-healthy,cauliflower_No disease. (83).jpg,cauliflower,healthy,Sí
cauliflower-healthy,cauliflower_No disease. (131).jpg,cauliflower,healthy,Sí
cauliflower-healthy,cauliflower_No disease. (95).jpg,cauliflower,healthy,Sí
cauliflower-healthy,cauliflower_No disease. (3).jpg,cauliflower,healthy,Sí
cauliflower-healthy,cauliflower_No disease. (127).jpg,cauliflower,healthy,Sí
cauliflower-healthy,cauliflower_No disease. (170).jpg,cauliflower,healthy,Sí
cauliflower-healthy,cauliflower_No disease. (171).jpg,cauliflower,healthy,Sí
cauliflower-healthy,cauliflower_No disease. (94).jpg,cauliflower,healthy,Sí
cauliflower-healthy,cauliflower_No disease. (2).jpg,cauliflower,healthy,Sí
cauliflower-healthy,cauliflower_No disease. (126).jpg,cauliflower,healthy,Sí
cauliflower-healthy,cauliflower_No disease. (82).jpg,cauliflower,healthy,Sí
cauliflower-healthy,cauliflower_No disease. (130).jpg,cauliflower,healthy,Sí
cauliflower-healthy,cauliflower_No disease. (188).jpg,cauliflower,healthy,Sí
cauliflower-healthy,cauliflower_No disease. (167).jpg,cauliflower,healthy,Sí
cauliflower-healthy,cauliflower_No disease. (41).jpg,cauliflower,healthy,Sí
cauliflower-healthy,cauliflower_No disease. (16).jpg,cauliflower,healthy,Sí
cauliflower-healthy,cauliflower_No disease. (57).jpg,cauliflower,healthy,Sí
cauliflower-healthy,cauliflower_No disease. (20).jpg,cauliflower,healthy,Sí
cauliflower-healthy,cauliflower_No disease. (98).jpg,cauliflower,healthy,Sí
cauliflower-healthy,cauliflower_No disease. (77).jpg,cauliflower,healthy,Sí
cauliflower-healthy,cauliflower_No disease. (61).jpg,cauliflower,healthy,Sí
cauliflower-healthy,cauliflower_No disease. (184).jpg,cauliflower,healthy,Sí
cauliflower-healthy,cauliflower_No disease. (36).jpg,cauliflower,healthy,Sí
cauliflower-healthy,cauliflower_No disease. (110).jpg,cauliflower,healthy,Sí
cauliflower-healthy,cauliflower_No disease. (147).jpg,cauliflower,healthy,Sí
cauliflower-healthy,cauliflower_No disease. (151).jpg,cauliflower,healthy,Sí
cauliflower-healthy,cauliflower_No disease. (106).jpg,cauliflower,healthy,Sí
cauliflower-black_rot,cauliflower_Black Rot(26).jpeg,cauliflower,black_rot,No
cauliflower-black_rot,cauliflower_Black Rot(26).jpg,cauliflower,black_rot,No
cauliflower-black_rot,cauliflower_Black Rot(47).jpeg,cauliflower,black_rot,No
cauliflower-black_rot,cauliflower_Black Rot(30).jpg,cauliflower,black_rot,No
cauliflower-black_rot,cauliflower_Black Rot(10).jpg,cauliflower,black_rot,No
cauliflower-black_rot,cauliflower_Black Rot(45).jpeg,cauliflower,black_rot,No
cauliflower-black_rot,cauliflower_Black Rot(24).jpeg,cauliflower,black_rot,No
cauliflower-black_rot,cauliflower_Black Rot(19).jpeg,cauliflower,black_rot,No
cauliflower-black_rot,cauliflower_Black Rot(20).jpeg,cauliflower,black_rot,No
cauliflower-black_rot,cauliflower_Black Rot(58).jpeg,cauliflower,black_rot,No
cauliflower-black_rot,cauliflower_Black Rot(39).jpeg,cauliflower,black_rot,No
cauliflower-black_rot,cauliflower_Black Rot(11).jpg,cauliflower,black_rot,No
cauliflower-black_rot,cauliflower_Black Rot(41).jpeg,cauliflower,black_rot,No
cauliflower-black_rot,cauliflower_Black Rot(31).jpg,cauliflower,black_rot,No
cauliflower-black_rot,cauliflower_Black Rot(43).jpeg,cauliflower,black_rot,No
cauliflower-black_rot,cauliflower_Black Rot(27).jpg,cauliflower,black_rot,No
cauliflower-black_rot,cauliflower_Black Rot(8).jpeg,cauliflower,black_rot,No
cauliflower-black_rot,cauliflower_Black Rot(1).jpg,cauliflower,black_rot,No
cauliflower-black_rot,cauliflower_Black Rot(22).jpeg,cauliflower,black_rot,No
cauliflower-black_rot,cauliflower_Black Rot(16).jpg,cauliflower,black_rot,No
cauliflower-black_rot,cauliflower_Black Rot(44).jpeg,cauliflower,black_rot,No
cauliflower-black_rot,cauliflower_Black Rot(18).jpeg,cauliflower,black_rot,No
cauliflower-black_rot,cauliflower_Black Rot(25).jpeg,cauliflower,black_rot,No
cauliflower-black_rot,cauliflower_Black Rot(60).jpeg,cauliflower,black_rot,No
cauliflower-black_rot,cauliflower_Black Rot(6).jpg,cauliflower,black_rot,No
cauliflower-black_rot,cauliflower_Black Rot(27).jpeg,cauliflower,black_rot,No
cauliflower-black_rot,cauliflower_Black Rot(20).jpg,cauliflower,black_rot,No
cauliflower-black_rot,cauliflower_Black Rot(36).jpg,cauliflower,black_rot,No
cauliflower-black_rot,cauliflower_Black Rot(46).jpeg,cauliflower,black_rot,No
cauliflower-black_rot,cauliflower_Black Rot(37).jpg,cauliflower,black_rot,No
cauliflower-black_rot,cauliflower_Black Rot(42).jpeg,cauliflower,black_rot,No
cauliflower-black_rot,cauliflower_Black Rot(21).jpg,cauliflower,black_rot,No
cauliflower-black_rot,cauliflower_Black Rot(23).jpeg,cauliflower,black_rot,No
cauliflower-black_rot,cauliflower_Black Rot(9).jpeg,cauliflower,black_rot,No
cauliflower-black_rot,cauliflower_Black Rot(7).jpg,cauliflower,black_rot,No
cauliflower-black_rot,cauliflower_Black Rot(59).jpeg,cauliflower,black_rot,No
cauliflower-black_rot,cauliflower_Black Rot(21).jpeg,cauliflower,black_rot,No
cauliflower-black_rot,cauliflower_Black Rot(40).jpeg,cauliflower,black_rot,No
cauliflower-black_rot,cauliflower_Black Rot(17).jpg,cauliflower,black_rot,No
cauliflower-black_rot,cauliflower_Black Rot(38).jpeg,cauliflower,black_rot,No
cauliflower-black_rot,cauliflower_Black Rot(40).jpg,cauliflower,black_rot,No
cauliflower-black_rot,cauliflower_Black Rot(38).jpg,cauliflower,black_rot,No
cauliflower-black_rot,cauliflower_Black Rot(34).jpeg,cauliflower,black_rot,No
cauliflower-black_rot,cauliflower_Black Rot(7).jpeg,cauliflower,black_rot,No
cauliflower-black_rot,cauliflower_Black Rot(14).jpg,cauliflower,black_rot,No
cauliflower-black_rot,cauliflower_Black Rot(55).jpeg,cauliflower,black_rot,No
cauliflower-black_rot,cauliflower_Black Rot(10).jpeg,cauliflower,black_rot,No
cauliflower-black_rot,cauliflower_Black Rot(8).jpg,cauliflower,black_rot,No
cauliflower-black_rot,cauliflower_Black Rot(34).jpg,cauliflower,black_rot,No
cauliflower-black_rot,cauliflower_Black Rot(57).jpeg,cauliflower,black_rot,No
cauliflower-black_rot,cauliflower_Black Rot(12).jpeg,cauliflower,black_rot,No
cauliflower-black_rot,cauliflower_Black Rot(5).jpeg,cauliflower,black_rot,No
cauliflower-black_rot,cauliflower_Black Rot(22).jpg,cauliflower,black_rot,No
cauliflower-black_rot,cauliflower_Black Rot(18).jpg,cauliflower,black_rot,No
cauliflower-black_rot,cauliflower_Black Rot(4).jpg,cauliflower,black_rot,No
cauliflower-black_rot,cauliflower_Black Rot(36).jpeg,cauliflower,black_rot,No
cauliflower-black_rot,cauliflower_Black Rot(5).jpg,cauliflower,black_rot,No
cauliflower-black_rot,cauliflower_Black Rot(19).jpg,cauliflower,black_rot,No
cauliflower-black_rot,cauliflower_Black Rot(32).jpeg,cauliflower,black_rot,No
cauliflower-black_rot,cauliflower_Black Rot(53).jpeg,cauliflower,black_rot,No
cauliflower-black_rot,cauliflower_Black Rot(16).jpeg,cauliflower,black_rot,No
cauliflower-black_rot,cauliflower_Black Rot(23).jpg,cauliflower,black_rot,No
cauliflower-black_rot,cauliflower_Black Rot(1).jpeg,cauliflower,black_rot,No
cauliflower-black_rot,cauliflower_Black Rot(35).jpg,cauliflower,black_rot,No
cauliflower-black_rot,cauliflower_Black Rot(9).jpg,cauliflower,black_rot,No
cauliflower-black_rot,cauliflower_Black Rot(3).jpeg,cauliflower,black_rot,No
cauliflower-black_rot,cauliflower_Black Rot(15).jpg,cauliflower,black_rot,No
cauliflower-black_rot,cauliflower_Black Rot(29).jpeg,cauliflower,black_rot,No
cauliflower-black_rot,cauliflower_Black Rot(51).jpeg,cauliflower,black_rot,No
cauliflower-black_rot,cauliflower_Black Rot(14).jpeg,cauliflower,black_rot,No
cauliflower-black_rot,cauliflower_Black Rot(30).jpeg,cauliflower,black_rot,No
cauliflower-black_rot,cauliflower_Black Rot(48).jpeg,cauliflower,black_rot,No
cauliflower-black_rot,cauliflower_Black Rot(39).jpg,cauliflower,black_rot,No
cauliflower-black_rot,cauliflower_Black Rot(4).jpeg,cauliflower,black_rot,No
cauliflower-black_rot,cauliflower_Black Rot(32).jpg,cauliflower,black_rot,No
cauliflower-black_rot,cauliflower_Black Rot(13).jpeg,cauliflower,black_rot,No
cauliflower-black_rot,cauliflower_Black Rot(56).jpeg,cauliflower,black_rot,No
cauliflower-black_rot,cauliflower_Black Rot(24).jpg,cauliflower,black_rot,No
cauliflower-black_rot,cauliflower_Black Rot(37).jpeg,cauliflower,black_rot,No
cauliflower-black_rot,cauliflower_Black Rot(2).jpg,cauliflower,black_rot,No
cauliflower-black_rot,cauliflower_Black Rot(35).jpeg,cauliflower,black_rot,No
cauliflower-black_rot,cauliflower_Black Rot(28).jpg,cauliflower,black_rot,No
cauliflower-black_rot,cauliflower_Black Rot(11).jpeg,cauliflower,black_rot,No
cauliflower-black_rot,cauliflower_Black Rot(54).jpeg,cauliflower,black_rot,No
cauliflower-black_rot,cauliflower_Black Rot(12).jpg,cauliflower,black_rot,No
cauliflower-black_rot,cauliflower_Black Rot(6).jpeg,cauliflower,black_rot,No
cauliflower-black_rot,cauliflower_Black Rot(13).jpg,cauliflower,black_rot,No
cauliflower-black_rot,cauliflower_Black Rot(15).jpeg,cauliflower,black_rot,No
cauliflower-black_rot,cauliflower_Black Rot(50).jpeg,cauliflower,black_rot,No
cauliflower-black_rot,cauliflower_Black Rot(28).jpeg,cauliflower,black_rot,No
cauliflower-black_rot,cauliflower_Black Rot(2).jpeg,cauliflower,black_rot,No
cauliflower-black_rot,cauliflower_Black Rot(49).jpeg,cauliflower,black_rot,No
cauliflower-black_rot,cauliflower_Black Rot(29).jpg,cauliflower,black_rot,No
cauliflower-black_rot,cauliflower_Black Rot(31).jpeg,cauliflower,black_rot,No
cauliflower-black_rot,cauliflower_Black Rot(3).jpg,cauliflower,black_rot,No
cauliflower-black_rot,cauliflower_Black Rot(33).jpeg,cauliflower,black_rot,No
cauliflower-black_rot,cauliflower_Black Rot(25).jpg,cauliflower,black_rot,No
cauliflower-black_rot,cauliflower_Black Rot(17).jpeg,cauliflower,black_rot,No
cauliflower-black_rot,cauliflower_Black Rot(52).jpeg,cauliflower,black_rot,No
cauliflower-black_rot,cauliflower_Black Rot(33).jpg,cauliflower,black_rot,No
bean-rust,bean_bean_rust_train.198.jpg,bean,rust,No
bean-rust,bean_bean_rust_val.38.jpg,bean,rust,No
bean-rust,bean_bean_rust_train.167.jpg,bean,rust,No
bean-rust,bean_bean_rust_val.10.jpg,bean,rust,No
bean-rust,bean_bean_rust_train.173.jpg,bean,rust,No
bean-rust,bean_bean_rust_train.80.jpg,bean,rust,No
bean-rust,bean_bean_rust_train.94.jpg,bean,rust,No
bean-rust,bean_bean_rust_train.43.jpg,bean,rust,No
bean-rust,bean_bean_rust_train.57.jpg,bean,rust,No
bean-rust,bean_bean_rust_train.1.jpg,bean,rust,No
bean-rust,bean_bean_rust_train.239.jpg,bean,rust,No
bean-rust,bean_bean_rust_train.211.jpg,bean,rust,No
bean-rust,bean_bean_rust_train.205.jpg,bean,rust,No
bean-rust,bean_bean_rust_train.204.jpg,bean,rust,No
bean-rust,bean_bean_rust_train.210.jpg,bean,rust,No
bean-rust,bean_bean_rust_train.238.jpg,bean,rust,No
bean-rust,bean_bean_rust_train.0.jpg,bean,rust,No
bean-rust,bean_bean_rust_train.56.jpg,bean,rust,No
bean-rust,bean_bean_rust_train.42.jpg,bean,rust,No
bean-rust,bean_bean_rust_train.95.jpg,bean,rust,No
bean-rust,bean_bean_rust_train.81.jpg,bean,rust,No
bean-rust,bean_bean_rust_train.172.jpg,bean,rust,No
bean-rust,bean_bean_rust_train.166.jpg,bean,rust,No
bean-rust,bean_bean_rust_val.11.jpg,bean,rust,No
bean-rust,bean_bean_rust_val.39.jpg,bean,rust,No
bean-rust,bean_bean_rust_train.199.jpg,bean,rust,No
bean-rust,bean_bean_rust_train.158.jpg,bean,rust,No
bean-rust,bean_bean_rust_train.170.jpg,bean,rust,No
bean-rust,bean_bean_rust_val.13.jpg,bean,rust,No
bean-rust,bean_bean_rust_train.164.jpg,bean,rust,No
bean-rust,bean_bean_rust_train.97.jpg,bean,rust,No
bean-rust,bean_bean_rust_train.83.jpg,bean,rust,No
bean-rust,bean_bean_rust_train.54.jpg,bean,rust,No
bean-rust,bean_bean_rust_train.2.jpg,bean,rust,No
bean-rust,bean_bean_rust_train.40.jpg,bean,rust,No
bean-rust,bean_bean_rust_train.68.jpg,bean,rust,No
bean-rust,bean_bean_rust_train.206.jpg,bean,rust,No
bean-rust,bean_bean_rust_train.212.jpg,bean,rust,No
bean-rust,bean_bean_rust_train.213.jpg,bean,rust,No
bean-rust,bean_bean_rust_train.207.jpg,bean,rust,No
bean-rust,bean_bean_rust_train.69.jpg,bean,rust,No
bean-rust,bean_bean_rust_train.41.jpg,bean,rust,No
bean-rust,bean_bean_rust_train.3.jpg,bean,rust,No
bean-rust,bean_bean_rust_train.55.jpg,bean,rust,No
bean-rust,bean_bean_rust_train.82.jpg,bean,rust,No
bean-rust,bean_bean_rust_train.96.jpg,bean,rust,No
bean-rust,bean_bean_rust_val.12.jpg,bean,rust,No
bean-rust,bean_bean_rust_train.165.jpg,bean,rust,No
bean-rust,bean_bean_rust_train.171.jpg,bean,rust,No
bean-rust,bean_bean_rust_train.159.jpg,bean,rust,No
bean-rust,bean_bean_rust_train.175.jpg,bean,rust,No
bean-rust,bean_bean_rust_train.161.jpg,bean,rust,No
bean-rust,bean_bean_rust_val.16.jpg,bean,rust,No
bean-rust,bean_bean_rust_train.149.jpg,bean,rust,No
bean-rust,bean_bean_rust_test.40.jpg,bean,rust,No
bean-rust,bean_bean_rust_train.92.jpg,bean,rust,No
bean-rust,bean_bean_rust_train.86.jpg,bean,rust,No
bean-rust,bean_bean_rust_train.79.jpg,bean,rust,No
bean-rust,bean_bean_rust_train.51.jpg,bean,rust,No
bean-rust,bean_bean_rust_train.7.jpg,bean,rust,No
bean-rust,bean_bean_rust_train.45.jpg,bean,rust,No
bean-rust,bean_bean_rust_train.203.jpg,bean,rust,No
bean-rust,bean_bean_rust_train.217.jpg,bean,rust,No
bean-rust,bean_bean_rust_train.216.jpg,bean,rust,No
bean-rust,bean_bean_rust_train.202.jpg,bean,rust,No
bean-rust,bean_bean_rust_train.44.jpg,bean,rust,No
bean-rust,bean_bean_rust_train.6.jpg,bean,rust,No
bean-rust,bean_bean_rust_train.50.jpg,bean,rust,No
bean-rust,bean_bean_rust_train.78.jpg,bean,rust,No
bean-rust,bean_bean_rust_train.87.jpg,bean,rust,No
bean-rust,bean_bean_rust_train.93.jpg,bean,rust,No
bean-rust,bean_bean_rust_test.41.jpg,bean,rust,No
bean-rust,bean_bean_rust_train.148.jpg,bean,rust,No
bean-rust,bean_bean_rust_train.160.jpg,bean,rust,No
bean-rust,bean_bean_rust_val.17.jpg,bean,rust,No
bean-rust,bean_bean_rust_train.174.jpg,bean,rust,No
bean-rust,bean_bean_rust_train.189.jpg,bean,rust,No
bean-rust,bean_bean_rust_val.15.jpg,bean,rust,No
bean-rust,bean_bean_rust_train.162.jpg,bean,rust,No
bean-rust,bean_bean_rust_train.176.jpg,bean,rust,No
bean-rust,bean_bean_rust_val.29.jpg,bean,rust,No
bean-rust,bean_bean_rust_train.85.jpg,bean,rust,No
bean-rust,bean_bean_rust_train.91.jpg,bean,rust,No
bean-rust,bean_bean_rust_train.46.jpg,bean,rust,No
bean-rust,bean_bean_rust_train.52.jpg,bean,rust,No
bean-rust,bean_bean_rust_train.4.jpg,bean,rust,No
bean-rust,bean_bean_rust_train.214.jpg,bean,rust,No
bean-rust,bean_bean_rust_train.200.jpg,bean,rust,No
bean-rust,bean_bean_rust_train.228.jpg,bean,rust,No
bean-rust,bean_bean_rust_train.229.jpg,bean,rust,No
bean-rust,bean_bean_rust_train.201.jpg,bean,rust,No
bean-rust,bean_bean_rust_train.215.jpg,bean,rust,No
bean-rust,bean_bean_rust_train.5.jpg,bean,rust,No
bean-rust,bean_bean_rust_train.53.jpg,bean,rust,No
bean-rust,bean_bean_rust_train.47.jpg,bean,rust,No
bean-rust,bean_bean_rust_train.90.jpg,bean,rust,No
bean-rust,bean_bean_rust_test.42.jpg,bean,rust,No
bean-rust,bean_bean_rust_train.84.jpg,bean,rust,No
bean-rust,bean_bean_rust_val.28.jpg,bean,rust,No
bean-rust,bean_bean_rust_train.177.jpg,bean,rust,No
bean-rust,bean_bean_rust_val.14.jpg,bean,rust,No
bean-rust,bean_bean_rust_train.163.jpg,bean,rust,No
bean-rust,bean_bean_rust_train.188.jpg,bean,rust,No
bean-rust,bean_bean_rust_val.0.jpg,bean,rust,No
bean-rust,bean_bean_rust_train.138.jpg,bean,rust,No
bean-rust,bean_bean_rust_train.104.jpg,bean,rust,No
bean-rust,bean_bean_rust_train.110.jpg,bean,rust,No
bean-rust,bean_bean_rust_test.31.jpg,bean,rust,No
bean-rust,bean_bean_rust_test.25.jpg,bean,rust,No
bean-rust,bean_bean_rust_test.19.jpg,bean,rust,No
bean-rust,bean_bean_rust_train.20.jpg,bean,rust,No
bean-rust,bean_bean_rust_train.34.jpg,bean,rust,No
bean-rust,bean_bean_rust_train.306.jpg,bean,rust,No
bean-rust,bean_bean_rust_train.312.jpg,bean,rust,No
bean-rust,bean_bean_rust_train.299.jpg,bean,rust,No
bean-rust,bean_bean_rust_train.272.jpg,bean,rust,No
bean-rust,bean_bean_rust_train.266.jpg,bean,rust,No
bean-rust,bean_bean_rust_train.267.jpg,bean,rust,No
bean-rust,bean_bean_rust_train.273.jpg,bean,rust,No
bean-rust,bean_bean_rust_train.298.jpg,bean,rust,No
bean-rust,bean_bean_rust_train.313.jpg,bean,rust,No
bean-rust,bean_bean_rust_train.307.jpg,bean,rust,No
bean-rust,bean_bean_rust_train.35.jpg,bean,rust,No
bean-rust,bean_bean_rust_train.21.jpg,bean,rust,No
bean-rust,bean_bean_rust_test.18.jpg,bean,rust,No
bean-rust,bean_bean_rust_test.24.jpg,bean,rust,No
bean-rust,bean_bean_rust_test.30.jpg,bean,rust,No
bean-rust,bean_bean_rust_train.111.jpg,bean,rust,No
bean-rust,bean_bean_rust_train.105.jpg,bean,rust,No
bean-rust,bean_bean_rust_train.139.jpg,bean,rust,No
bean-rust,bean_bean_rust_val.1.jpg,bean,rust,No
bean-rust,bean_bean_rust_test.9.jpg,bean,rust,No
bean-rust,bean_bean_rust_val.3.jpg,bean,rust,No
bean-rust,bean_bean_rust_train.113.jpg,bean,rust,No
bean-rust,bean_bean_rust_train.107.jpg,bean,rust,No
bean-rust,bean_bean_rust_test.26.jpg,bean,rust,No
bean-rust,bean_bean_rust_test.32.jpg,bean,rust,No
bean-rust,bean_bean_rust_train.37.jpg,bean,rust,No
bean-rust,bean_bean_rust_train.23.jpg,bean,rust,No
bean-rust,bean_bean_rust_train.339.jpg,bean,rust,No
bean-rust,bean_bean_rust_train.311.jpg,bean,rust,No
bean-rust,bean_bean_rust_train.305.jpg,bean,rust,No
bean-rust,bean_bean_rust_train.259.jpg,bean,rust,No
bean-rust,bean_bean_rust_train.265.jpg,bean,rust,No
bean-rust,bean_bean_rust_train.271.jpg,bean,rust,No
bean-rust,bean_bean_rust_train.270.jpg,bean,rust,No
bean-rust,bean_bean_rust_train.264.jpg,bean,rust,No
bean-rust,bean_bean_rust_train.258.jpg,bean,rust,No
bean-rust,bean_bean_rust_train.304.jpg,bean,rust,No
bean-rust,bean_bean_rust_train.310.jpg,bean,rust,No
bean-rust,bean_bean_rust_train.22.jpg,bean,rust,No
bean-rust,bean_bean_rust_train.338.jpg,bean,rust,No
bean-rust,bean_bean_rust_train.36.jpg,bean,rust,No
bean-rust,bean_bean_rust_test.33.jpg,bean,rust,No
bean-rust,bean_bean_rust_test.27.jpg,bean,rust,No
bean-rust,bean_bean_rust_train.106.jpg,bean,rust,No
bean-rust,bean_bean_rust_train.112.jpg,bean,rust,No
bean-rust,bean_bean_rust_test.8.jpg,bean,rust,No
bean-rust,bean_bean_rust_val.2.jpg,bean,rust,No
bean-rust,bean_bean_rust_val.6.jpg,bean,rust,No
bean-rust,bean_bean_rust_train.116.jpg,bean,rust,No
bean-rust,bean_bean_rust_train.102.jpg,bean,rust,No
bean-rust,bean_bean_rust_test.23.jpg,bean,rust,No
bean-rust,bean_bean_rust_test.37.jpg,bean,rust,No
bean-rust,bean_bean_rust_train.314.jpg,bean,rust,No
bean-rust,bean_bean_rust_train.300.jpg,bean,rust,No
bean-rust,bean_bean_rust_train.32.jpg,bean,rust,No
bean-rust,bean_bean_rust_train.328.jpg,bean,rust,No
bean-rust,bean_bean_rust_train.26.jpg,bean,rust,No
bean-rust,bean_bean_rust_train.260.jpg,bean,rust,No
bean-rust,bean_bean_rust_train.274.jpg,bean,rust,No
bean-rust,bean_bean_rust_train.248.jpg,bean,rust,No
bean-rust,bean_bean_rust_train.249.jpg,bean,rust,No
bean-rust,bean_bean_rust_train.275.jpg,bean,rust,No
bean-rust,bean_bean_rust_train.261.jpg,bean,rust,No
bean-rust,bean_bean_rust_train.27.jpg,bean,rust,No
bean-rust,bean_bean_rust_train.33.jpg,bean,rust,No
bean-rust,bean_bean_rust_train.329.jpg,bean,rust,No
bean-rust,bean_bean_rust_train.301.jpg,bean,rust,No
bean-rust,bean_bean_rust_train.315.jpg,bean,rust,No
bean-rust,bean_bean_rust_test.36.jpg,bean,rust,No
bean-rust,bean_bean_rust_test.22.jpg,bean,rust,No
bean-rust,bean_bean_rust_train.103.jpg,bean,rust,No
bean-rust,bean_bean_rust_train.117.jpg,bean,rust,No
bean-rust,bean_bean_rust_val.7.jpg,bean,rust,No
bean-rust,bean_bean_rust_val.5.jpg,bean,rust,No
bean-rust,bean_bean_rust_train.101.jpg,bean,rust,No
bean-rust,bean_bean_rust_train.115.jpg,bean,rust,No
bean-rust,bean_bean_rust_train.129.jpg,bean,rust,No
bean-rust,bean_bean_rust_test.34.jpg,bean,rust,No
bean-rust,bean_bean_rust_test.20.jpg,bean,rust,No
bean-rust,bean_bean_rust_train.19.jpg,bean,rust,No
bean-rust,bean_bean_rust_train.303.jpg,bean,rust,No
bean-rust,bean_bean_rust_train.317.jpg,bean,rust,No
bean-rust,bean_bean_rust_train.25.jpg,bean,rust,No
bean-rust,bean_bean_rust_train.31.jpg,bean,rust,No
bean-rust,bean_bean_rust_train.288.jpg,bean,rust,No
bean-rust,bean_bean_rust_train.277.jpg,bean,rust,No
bean-rust,bean_bean_rust_train.263.jpg,bean,rust,No
bean-rust,bean_bean_rust_train.262.jpg,bean,rust,No
bean-rust,bean_bean_rust_train.276.jpg,bean,rust,No
bean-rust,bean_bean_rust_train.289.jpg,bean,rust,No
bean-rust,bean_bean_rust_train.30.jpg,bean,rust,No
bean-rust,bean_bean_rust_train.24.jpg,bean,rust,No
bean-rust,bean_bean_rust_train.316.jpg,bean,rust,No
bean-rust,bean_bean_rust_train.18.jpg,bean,rust,No
bean-rust,bean_bean_rust_train.302.jpg,bean,rust,No
bean-rust,bean_bean_rust_test.21.jpg,bean,rust,No
bean-rust,bean_bean_rust_test.35.jpg,bean,rust,No
bean-rust,bean_bean_rust_train.128.jpg,bean,rust,No
bean-rust,bean_bean_rust_train.114.jpg,bean,rust,No
bean-rust,bean_bean_rust_train.100.jpg,bean,rust,No
bean-rust,bean_bean_rust_val.4.jpg,bean,rust,No
bean-rust,bean_bean_rust_test.3.jpg,bean,rust,No
bean-rust,bean_bean_rust_val.9.jpg,bean,rust,No
bean-rust,bean_bean_rust_train.119.jpg,bean,rust,No
bean-rust,bean_bean_rust_train.125.jpg,bean,rust,No
bean-rust,bean_bean_rust_train.131.jpg,bean,rust,No
bean-rust,bean_bean_rust_test.10.jpg,bean,rust,No
bean-rust,bean_bean_rust_test.38.jpg,bean,rust,No
bean-rust,bean_bean_rust_train.15.jpg,bean,rust,No
bean-rust,bean_bean_rust_train.327.jpg,bean,rust,No
bean-rust,bean_bean_rust_train.29.jpg,bean,rust,No
bean-rust,bean_bean_rust_train.333.jpg,bean,rust,No
bean-rust,bean_bean_rust_train.290.jpg,bean,rust,No
bean-rust,bean_bean_rust_train.284.jpg,bean,rust,No
bean-rust,bean_bean_rust_train.253.jpg,bean,rust,No
bean-rust,bean_bean_rust_train.247.jpg,bean,rust,No
bean-rust,bean_bean_rust_train.246.jpg,bean,rust,No
bean-rust,bean_bean_rust_train.252.jpg,bean,rust,No
bean-rust,bean_bean_rust_train.285.jpg,bean,rust,No
bean-rust,bean_bean_rust_train.291.jpg,bean,rust,No
bean-rust,bean_bean_rust_train.28.jpg,bean,rust,No
bean-rust,bean_bean_rust_train.332.jpg,bean,rust,No
bean-rust,bean_bean_rust_train.326.jpg,bean,rust,No
bean-rust,bean_bean_rust_train.14.jpg,bean,rust,No
bean-rust,bean_bean_rust_test.39.jpg,bean,rust,No
bean-rust,bean_bean_rust_test.11.jpg,bean,rust,No
bean-rust,bean_bean_rust_train.130.jpg,bean,rust,No
bean-rust,bean_bean_rust_train.124.jpg,bean,rust,No
bean-rust,bean_bean_rust_train.118.jpg,bean,rust,No
bean-rust,bean_bean_rust_test.2.jpg,bean,rust,No
bean-rust,bean_bean_rust_val.8.jpg,bean,rust,No
bean-rust,bean_bean_rust_test.0.jpg,bean,rust,No
bean-rust,bean_bean_rust_train.132.jpg,bean,rust,No
bean-rust,bean_bean_rust_train.126.jpg,bean,rust,No
bean-rust,bean_bean_rust_test.13.jpg,bean,rust,No
bean-rust,bean_bean_rust_train.16.jpg,bean,rust,No
bean-rust,bean_bean_rust_train.318.jpg,bean,rust,No
bean-rust,bean_bean_rust_train.330.jpg,bean,rust,No
bean-rust,bean_bean_rust_train.324.jpg,bean,rust,No
bean-rust,bean_bean_rust_train.287.jpg,bean,rust,No
bean-rust,bean_bean_rust_train.293.jpg,bean,rust,No
bean-rust,bean_bean_rust_train.278.jpg,bean,rust,No
bean-rust,bean_bean_rust_train.244.jpg,bean,rust,No
bean-rust,bean_bean_rust_train.250.jpg,bean,rust,No
bean-rust,bean_bean_rust_train.251.jpg,bean,rust,No
bean-rust,bean_bean_rust_train.245.jpg,bean,rust,No
bean-rust,bean_bean_rust_train.279.jpg,bean,rust,No
bean-rust,bean_bean_rust_train.292.jpg,bean,rust,No
bean-rust,bean_bean_rust_train.286.jpg,bean,rust,No
bean-rust,bean_bean_rust_train.325.jpg,bean,rust,No
bean-rust,bean_bean_rust_train.331.jpg,bean,rust,No
bean-rust,bean_bean_rust_train.319.jpg,bean,rust,No
bean-rust,bean_bean_rust_train.17.jpg,bean,rust,No
bean-rust,bean_bean_rust_test.12.jpg,bean,rust,No
bean-rust,bean_bean_rust_train.127.jpg,bean,rust,No
bean-rust,bean_bean_rust_val.44.jpg,bean,rust,No
bean-rust,bean_bean_rust_train.133.jpg,bean,rust,No
bean-rust,bean_bean_rust_test.1.jpg,bean,rust,No
bean-rust,bean_bean_rust_test.5.jpg,bean,rust,No
bean-rust,bean_bean_rust_train.137.jpg,bean,rust,No
bean-rust,bean_bean_rust_val.40.jpg,bean,rust,No
bean-rust,bean_bean_rust_train.123.jpg,bean,rust,No
bean-rust,bean_bean_rust_test.16.jpg,bean,rust,No
bean-rust,bean_bean_rust_train.335.jpg,bean,rust,No
bean-rust,bean_bean_rust_train.321.jpg,bean,rust,No
bean-rust,bean_bean_rust_train.13.jpg,bean,rust,No
bean-rust,bean_bean_rust_train.309.jpg,bean,rust,No
bean-rust,bean_bean_rust_train.282.jpg,bean,rust,No
bean-rust,bean_bean_rust_train.296.jpg,bean,rust,No
bean-rust,bean_bean_rust_train.241.jpg,bean,rust,No
bean-rust,bean_bean_rust_train.255.jpg,bean,rust,No
bean-rust,bean_bean_rust_train.269.jpg,bean,rust,No
bean-rust,bean_bean_rust_train.268.jpg,bean,rust,No
bean-rust,bean_bean_rust_train.254.jpg,bean,rust,No
bean-rust,bean_bean_rust_train.240.jpg,bean,rust,No
bean-rust,bean_bean_rust_train.297.jpg,bean,rust,No
bean-rust,bean_bean_rust_train.283.jpg,bean,rust,No
bean-rust,bean_bean_rust_train.12.jpg,bean,rust,No
bean-rust,bean_bean_rust_train.308.jpg,bean,rust,No
bean-rust,bean_bean_rust_train.320.jpg,bean,rust,No
bean-rust,bean_bean_rust_train.334.jpg,bean,rust,No
bean-rust,bean_bean_rust_test.17.jpg,bean,rust,No
bean-rust,bean_bean_rust_train.122.jpg,bean,rust,No
bean-rust,bean_bean_rust_train.136.jpg,bean,rust,No
bean-rust,bean_bean_rust_val.41.jpg,bean,rust,No
bean-rust,bean_bean_rust_test.4.jpg,bean,rust,No
bean-rust,bean_bean_rust_test.6.jpg,bean,rust,No
bean-rust,bean_bean_rust_train.120.jpg,bean,rust,No
bean-rust,bean_bean_rust_val.43.jpg,bean,rust,No
bean-rust,bean_bean_rust_train.134.jpg,bean,rust,No
bean-rust,bean_bean_rust_train.108.jpg,bean,rust,No
bean-rust,bean_bean_rust_test.29.jpg,bean,rust,No
bean-rust,bean_bean_rust_test.15.jpg,bean,rust,No
bean-rust,bean_bean_rust_train.38.jpg,bean,rust,No
bean-rust,bean_bean_rust_train.322.jpg,bean,rust,No
bean-rust,bean_bean_rust_train.336.jpg,bean,rust,No
bean-rust,bean_bean_rust_train.10.jpg,bean,rust,No
bean-rust,bean_bean_rust_train.295.jpg,bean,rust,No
bean-rust,bean_bean_rust_train.281.jpg,bean,rust,No
bean-rust,bean_bean_rust_train.256.jpg,bean,rust,No
bean-rust,bean_bean_rust_train.242.jpg,bean,rust,No
bean-rust,bean_bean_rust_train.243.jpg,bean,rust,No
bean-rust,bean_bean_rust_train.257.jpg,bean,rust,No
bean-rust,bean_bean_rust_train.280.jpg,bean,rust,No
bean-rust,bean_bean_rust_train.294.jpg,bean,rust,No
bean-rust,bean_bean_rust_train.11.jpg,bean,rust,No
bean-rust,bean_bean_rust_train.337.jpg,bean,rust,No
bean-rust,bean_bean_rust_train.39.jpg,bean,rust,No
bean-rust,bean_bean_rust_train.323.jpg,bean,rust,No
bean-rust,bean_bean_rust_test.14.jpg,bean,rust,No
bean-rust,bean_bean_rust_test.28.jpg,bean,rust,No
bean-rust,bean_bean_rust_train.109.jpg,bean,rust,No
bean-rust,bean_bean_rust_val.42.jpg,bean,rust,No
bean-rust,bean_bean_rust_train.135.jpg,bean,rust,No
bean-rust,bean_bean_rust_train.121.jpg,bean,rust,No
bean-rust,bean_bean_rust_test.7.jpg,bean,rust,No
bean-rust,bean_bean_rust_train.185.jpg,bean,rust,No
bean-rust,bean_bean_rust_train.191.jpg,bean,rust,No
bean-rust,bean_bean_rust_val.19.jpg,bean,rust,No
bean-rust,bean_bean_rust_train.146.jpg,bean,rust,No
bean-rust,bean_bean_rust_val.31.jpg,bean,rust,No
bean-rust,bean_bean_rust_val.25.jpg,bean,rust,No
bean-rust,bean_bean_rust_train.152.jpg,bean,rust,No
bean-rust,bean_bean_rust_train.89.jpg,bean,rust,No
bean-rust,bean_bean_rust_train.62.jpg,bean,rust,No
bean-rust,bean_bean_rust_train.76.jpg,bean,rust,No
bean-rust,bean_bean_rust_train.8.jpg,bean,rust,No
bean-rust,bean_bean_rust_train.344.jpg,bean,rust,No
bean-rust,bean_bean_rust_train.218.jpg,bean,rust,No
bean-rust,bean_bean_rust_train.230.jpg,bean,rust,No
bean-rust,bean_bean_rust_train.224.jpg,bean,rust,No
bean-rust,bean_bean_rust_train.225.jpg,bean,rust,No
bean-rust,bean_bean_rust_train.231.jpg,bean,rust,No
bean-rust,bean_bean_rust_train.219.jpg,bean,rust,No
bean-rust,bean_bean_rust_train.9.jpg,bean,rust,No
bean-rust,bean_bean_rust_train.345.jpg,bean,rust,No
bean-rust,bean_bean_rust_train.77.jpg,bean,rust,No
bean-rust,bean_bean_rust_train.63.jpg,bean,rust,No
bean-rust,bean_bean_rust_train.88.jpg,bean,rust,No
bean-rust,bean_bean_rust_val.24.jpg,bean,rust,No
bean-rust,bean_bean_rust_train.153.jpg,bean,rust,No
bean-rust,bean_bean_rust_train.147.jpg,bean,rust,No
bean-rust,bean_bean_rust_val.30.jpg,bean,rust,No
bean-rust,bean_bean_rust_val.18.jpg,bean,rust,No
bean-rust,bean_bean_rust_train.190.jpg,bean,rust,No
bean-rust,bean_bean_rust_train.184.jpg,bean,rust,No
bean-rust,bean_bean_rust_train.192.jpg,bean,rust,No
bean-rust,bean_bean_rust_train.186.jpg,bean,rust,No
bean-rust,bean_bean_rust_train.179.jpg,bean,rust,No
bean-rust,bean_bean_rust_train.151.jpg,bean,rust,No
bean-rust,bean_bean_rust_val.26.jpg,bean,rust,No
bean-rust,bean_bean_rust_val.32.jpg,bean,rust,No
bean-rust,bean_bean_rust_train.145.jpg,bean,rust,No
bean-rust,bean_bean_rust_train.75.jpg,bean,rust,No
bean-rust,bean_bean_rust_train.61.jpg,bean,rust,No
bean-rust,bean_bean_rust_train.49.jpg,bean,rust,No
bean-rust,bean_bean_rust_train.347.jpg,bean,rust,No
bean-rust,bean_bean_rust_train.227.jpg,bean,rust,No
bean-rust,bean_bean_rust_train.233.jpg,bean,rust,No
bean-rust,bean_bean_rust_train.232.jpg,bean,rust,No
bean-rust,bean_bean_rust_train.226.jpg,bean,rust,No
bean-rust,bean_bean_rust_train.346.jpg,bean,rust,No
bean-rust,bean_bean_rust_train.48.jpg,bean,rust,No
bean-rust,bean_bean_rust_train.60.jpg,bean,rust,No
bean-rust,bean_bean_rust_train.74.jpg,bean,rust,No
bean-rust,bean_bean_rust_val.33.jpg,bean,rust,No
bean-rust,bean_bean_rust_train.144.jpg,bean,rust,No
bean-rust,bean_bean_rust_train.150.jpg,bean,rust,No
bean-rust,bean_bean_rust_val.27.jpg,bean,rust,No
bean-rust,bean_bean_rust_train.178.jpg,bean,rust,No
bean-rust,bean_bean_rust_train.187.jpg,bean,rust,No
bean-rust,bean_bean_rust_train.193.jpg,bean,rust,No
bean-rust,bean_bean_rust_train.197.jpg,bean,rust,No
bean-rust,bean_bean_rust_train.183.jpg,bean,rust,No
bean-rust,bean_bean_rust_val.23.jpg,bean,rust,No
bean-rust,bean_bean_rust_train.154.jpg,bean,rust,No
bean-rust,bean_bean_rust_train.140.jpg,bean,rust,No
bean-rust,bean_bean_rust_val.37.jpg,bean,rust,No
bean-rust,bean_bean_rust_train.168.jpg,bean,rust,No
bean-rust,bean_bean_rust_train.58.jpg,bean,rust,No
bean-rust,bean_bean_rust_train.342.jpg,bean,rust,No
bean-rust,bean_bean_rust_train.70.jpg,bean,rust,No
bean-rust,bean_bean_rust_train.64.jpg,bean,rust,No
bean-rust,bean_bean_rust_train.222.jpg,bean,rust,No
bean-rust,bean_bean_rust_train.236.jpg,bean,rust,No
bean-rust,bean_bean_rust_train.237.jpg,bean,rust,No
bean-rust,bean_bean_rust_train.223.jpg,bean,rust,No
bean-rust,bean_bean_rust_train.65.jpg,bean,rust,No
bean-rust,bean_bean_rust_train.71.jpg,bean,rust,No
bean-rust,bean_bean_rust_train.59.jpg,bean,rust,No
bean-rust,bean_bean_rust_train.343.jpg,bean,rust,No
bean-rust,bean_bean_rust_train.169.jpg,bean,rust,No
bean-rust,bean_bean_rust_train.141.jpg,bean,rust,No
bean-rust,bean_bean_rust_val.36.jpg,bean,rust,No
bean-rust,bean_bean_rust_val.22.jpg,bean,rust,No
bean-rust,bean_bean_rust_train.155.jpg,bean,rust,No
bean-rust,bean_bean_rust_train.182.jpg,bean,rust,No
bean-rust,bean_bean_rust_train.196.jpg,bean,rust,No
bean-rust,bean_bean_rust_train.180.jpg,bean,rust,No
bean-rust,bean_bean_rust_train.194.jpg,bean,rust,No
bean-rust,bean_bean_rust_val.34.jpg,bean,rust,No
bean-rust,bean_bean_rust_train.143.jpg,bean,rust,No
bean-rust,bean_bean_rust_train.157.jpg,bean,rust,No
bean-rust,bean_bean_rust_val.20.jpg,bean,rust,No
bean-rust,bean_bean_rust_train.98.jpg,bean,rust,No
bean-rust,bean_bean_rust_train.341.jpg,bean,rust,No
bean-rust,bean_bean_rust_train.67.jpg,bean,rust,No
bean-rust,bean_bean_rust_train.73.jpg,bean,rust,No
bean-rust,bean_bean_rust_train.235.jpg,bean,rust,No
bean-rust,bean_bean_rust_train.221.jpg,bean,rust,No
bean-rust,bean_bean_rust_train.209.jpg,bean,rust,No
bean-rust,bean_bean_rust_train.208.jpg,bean,rust,No
bean-rust,bean_bean_rust_train.220.jpg,bean,rust,No
bean-rust,bean_bean_rust_train.234.jpg,bean,rust,No
bean-rust,bean_bean_rust_train.72.jpg,bean,rust,No
bean-rust,bean_bean_rust_train.66.jpg,bean,rust,No
bean-rust,bean_bean_rust_train.340.jpg,bean,rust,No
bean-rust,bean_bean_rust_train.99.jpg,bean,rust,No
bean-rust,bean_bean_rust_train.156.jpg,bean,rust,No
bean-rust,bean_bean_rust_val.21.jpg,bean,rust,No
bean-rust,bean_bean_rust_val.35.jpg,bean,rust,No
bean-rust,bean_bean_rust_train.142.jpg,bean,rust,No
bean-rust,bean_bean_rust_train.195.jpg,bean,rust,No
bean-rust,bean_bean_rust_train.181.jpg,bean,rust,No
cauliflower-bacterial_spot_rot,cauliflower_Bacterial Spot. (24).jpg,cauliflower,bacterial_spot_rot,No
cauliflower-bacterial_spot_rot,cauliflower_Bacterial Spot. (73).jpg,cauliflower,bacterial_spot_rot,No
cauliflower-bacterial_spot_rot,cauliflower_Bacterial Spot. (65).jpg,cauliflower,bacterial_spot_rot,No
cauliflower-bacterial_spot_rot,cauliflower_Bacterial Spot. (32).jpg,cauliflower,bacterial_spot_rot,No
cauliflower-bacterial_spot_rot,cauliflower_Bacterial Spot. (49).jpg,cauliflower,bacterial_spot_rot,No
cauliflower-bacterial_spot_rot,cauliflower_Bacterial Spot. (136).jpg,cauliflower,bacterial_spot_rot,No
cauliflower-bacterial_spot_rot,cauliflower_Bacterial Spot. (161).jpg,cauliflower,bacterial_spot_rot,No
cauliflower-bacterial_spot_rot,cauliflower_Bacterial Spot. (120).jpg,cauliflower,bacterial_spot_rot,No
cauliflower-bacterial_spot_rot,cauliflower_Bacterial Spot. (28).jpg,cauliflower,bacterial_spot_rot,No
cauliflower-bacterial_spot_rot,cauliflower_Bacterial Spot. (157).jpg,cauliflower,bacterial_spot_rot,No
cauliflower-bacterial_spot_rot,cauliflower_Bacterial Spot. (100).jpg,cauliflower,bacterial_spot_rot,No
cauliflower-bacterial_spot_rot,cauliflower_Bacterial Spot. (90).jpg,cauliflower,bacterial_spot_rot,No
cauliflower-bacterial_spot_rot,cauliflower_Bacterial Spot. (69).jpg,cauliflower,bacterial_spot_rot,No
cauliflower-bacterial_spot_rot,cauliflower_Bacterial Spot. (116).jpg,cauliflower,bacterial_spot_rot,No
cauliflower-bacterial_spot_rot,cauliflower_Bacterial Spot. (86).jpg,cauliflower,bacterial_spot_rot,No
cauliflower-bacterial_spot_rot,cauliflower_Bacterial Spot. (141).jpg,cauliflower,bacterial_spot_rot,No
cauliflower-bacterial_spot_rot,cauliflower_Bacterial Spot. (45).jpg,cauliflower,bacterial_spot_rot,No
cauliflower-bacterial_spot_rot,cauliflower_Bacterial Spot. (12).jpg,cauliflower,bacterial_spot_rot,No
cauliflower-bacterial_spot_rot,cauliflower_Bacterial Spot. (53).jpg,cauliflower,bacterial_spot_rot,No
cauliflower-bacterial_spot_rot,cauliflower_Bacterial Spot. (52).jpg,cauliflower,bacterial_spot_rot,No
cauliflower-bacterial_spot_rot,cauliflower_Bacterial Spot. (13).jpg,cauliflower,bacterial_spot_rot,No
cauliflower-bacterial_spot_rot,cauliflower_Bacterial Spot. (44).jpg,cauliflower,bacterial_spot_rot,No
cauliflower-bacterial_spot_rot,cauliflower_Bacterial Spot. (140).jpg,cauliflower,bacterial_spot_rot,No
cauliflower-bacterial_spot_rot,cauliflower_Bacterial Spot. (68).jpg,cauliflower,bacterial_spot_rot,No
cauliflower-bacterial_spot_rot,cauliflower_Bacterial Spot. (117).jpg,cauliflower,bacterial_spot_rot,No
cauliflower-bacterial_spot_rot,cauliflower_Bacterial Spot. (87).jpg,cauliflower,bacterial_spot_rot,No
cauliflower-bacterial_spot_rot,cauliflower_Bacterial Spot. (101).jpg,cauliflower,bacterial_spot_rot,No
cauliflower-bacterial_spot_rot,cauliflower_Bacterial Spot. (91).jpg,cauliflower,bacterial_spot_rot,No
cauliflower-bacterial_spot_rot,cauliflower_Bacterial Spot. (29).jpg,cauliflower,bacterial_spot_rot,No
cauliflower-bacterial_spot_rot,cauliflower_Bacterial Spot. (156).jpg,cauliflower,bacterial_spot_rot,No
cauliflower-bacterial_spot_rot,cauliflower_Bacterial Spot. (121).jpg,cauliflower,bacterial_spot_rot,No
cauliflower-bacterial_spot_rot,cauliflower_Bacterial Spot. (160).jpg,cauliflower,bacterial_spot_rot,No
cauliflower-bacterial_spot_rot,cauliflower_Bacterial Spot. (48).jpg,cauliflower,bacterial_spot_rot,No
cauliflower-bacterial_spot_rot,cauliflower_Bacterial Spot. (137).jpg,cauliflower,bacterial_spot_rot,No
cauliflower-bacterial_spot_rot,cauliflower_Bacterial Spot. (33).jpg,cauliflower,bacterial_spot_rot,No
cauliflower-bacterial_spot_rot,cauliflower_Bacterial Spot. (1).jpg,cauliflower,bacterial_spot_rot,No
cauliflower-bacterial_spot_rot,cauliflower_Bacterial Spot. (64).jpg,cauliflower,bacterial_spot_rot,No
cauliflower-bacterial_spot_rot,cauliflower_Bacterial Spot. (72).jpg,cauliflower,bacterial_spot_rot,No
cauliflower-bacterial_spot_rot,cauliflower_Bacterial Spot. (25).jpg,cauliflower,bacterial_spot_rot,No
cauliflower-bacterial_spot_rot,cauliflower_Bacterial Spot. (151).jpg,cauliflower,bacterial_spot_rot,No
cauliflower-bacterial_spot_rot,cauliflower_Bacterial Spot. (106).jpg,cauliflower,bacterial_spot_rot,No
cauliflower-bacterial_spot_rot,cauliflower_Bacterial Spot. (79).jpg,cauliflower,bacterial_spot_rot,No
cauliflower-bacterial_spot_rot,cauliflower_Bacterial Spot. (96).jpg,cauliflower,bacterial_spot_rot,No
cauliflower-bacterial_spot_rot,cauliflower_Bacterial Spot. (110).jpg,cauliflower,bacterial_spot_rot,No
cauliflower-bacterial_spot_rot,cauliflower_Bacterial Spot. (80).jpg,cauliflower,bacterial_spot_rot,No
cauliflower-bacterial_spot_rot,cauliflower_Bacterial Spot. (147).jpg,cauliflower,bacterial_spot_rot,No
cauliflower-bacterial_spot_rot,cauliflower_Bacterial Spot. (38).jpg,cauliflower,bacterial_spot_rot,No
cauliflower-bacterial_spot_rot,cauliflower_Bacterial Spot. (43).jpg,cauliflower,bacterial_spot_rot,No
cauliflower-bacterial_spot_rot,cauliflower_Bacterial Spot. (14).jpg,cauliflower,bacterial_spot_rot,No
cauliflower-bacterial_spot_rot,cauliflower_Bacterial Spot. (55).jpg,cauliflower,bacterial_spot_rot,No
cauliflower-bacterial_spot_rot,cauliflower_Bacterial Spot. (22).jpg,cauliflower,bacterial_spot_rot,No
cauliflower-bacterial_spot_rot,cauliflower_Bacterial Spot. (75).jpg,cauliflower,bacterial_spot_rot,No
cauliflower-bacterial_spot_rot,cauliflower_Bacterial Spot. (63).jpg,cauliflower,bacterial_spot_rot,No
cauliflower-bacterial_spot_rot,cauliflower_Bacterial Spot. (6).jpg,cauliflower,bacterial_spot_rot,No
cauliflower-bacterial_spot_rot,cauliflower_Bacterial Spot. (34).jpg,cauliflower,bacterial_spot_rot,No
cauliflower-bacterial_spot_rot,cauliflower_Bacterial Spot. (130).jpg,cauliflower,bacterial_spot_rot,No
cauliflower-bacterial_spot_rot,cauliflower_Bacterial Spot. (167).jpg,cauliflower,bacterial_spot_rot,No
cauliflower-bacterial_spot_rot,cauliflower_Bacterial Spot. (18).jpg,cauliflower,bacterial_spot_rot,No
cauliflower-bacterial_spot_rot,cauliflower_Bacterial Spot. (171).jpg,cauliflower,bacterial_spot_rot,No
cauliflower-bacterial_spot_rot,cauliflower_Bacterial Spot. (126).jpg,cauliflower,bacterial_spot_rot,No
cauliflower-bacterial_spot_rot,cauliflower_Bacterial Spot. (59).jpg,cauliflower,bacterial_spot_rot,No
cauliflower-bacterial_spot_rot,cauliflower_Bacterial Spot. (127).jpg,cauliflower,bacterial_spot_rot,No
cauliflower-bacterial_spot_rot,cauliflower_Bacterial Spot. (58).jpg,cauliflower,bacterial_spot_rot,No
cauliflower-bacterial_spot_rot,cauliflower_Bacterial Spot. (170).jpg,cauliflower,bacterial_spot_rot,No
cauliflower-bacterial_spot_rot,cauliflower_Bacterial Spot. (166).jpg,cauliflower,bacterial_spot_rot,No
cauliflower-bacterial_spot_rot,cauliflower_Bacterial Spot. (19).jpg,cauliflower,bacterial_spot_rot,No
cauliflower-bacterial_spot_rot,cauliflower_Bacterial Spot. (131).jpg,cauliflower,bacterial_spot_rot,No
cauliflower-bacterial_spot_rot,cauliflower_Bacterial Spot. (35).jpg,cauliflower,bacterial_spot_rot,No
cauliflower-bacterial_spot_rot,cauliflower_Bacterial Spot. (7).jpg,cauliflower,bacterial_spot_rot,No
cauliflower-bacterial_spot_rot,cauliflower_Bacterial Spot. (62).jpg,cauliflower,bacterial_spot_rot,No
cauliflower-bacterial_spot_rot,cauliflower_Bacterial Spot. (74).jpg,cauliflower,bacterial_spot_rot,No
cauliflower-bacterial_spot_rot,cauliflower_Bacterial Spot. (23).jpg,cauliflower,bacterial_spot_rot,No
cauliflower-bacterial_spot_rot,cauliflower_Bacterial Spot. (54).jpg,cauliflower,bacterial_spot_rot,No
cauliflower-bacterial_spot_rot,cauliflower_Bacterial Spot. (15).jpg,cauliflower,bacterial_spot_rot,No
cauliflower-bacterial_spot_rot,cauliflower_Bacterial Spot. (42).jpg,cauliflower,bacterial_spot_rot,No
cauliflower-bacterial_spot_rot,cauliflower_Bacterial Spot. (146).jpg,cauliflower,bacterial_spot_rot,No
cauliflower-bacterial_spot_rot,cauliflower_Bacterial Spot. (39).jpg,cauliflower,bacterial_spot_rot,No
cauliflower-bacterial_spot_rot,cauliflower_Bacterial Spot. (111).jpg,cauliflower,bacterial_spot_rot,No
cauliflower-bacterial_spot_rot,cauliflower_Bacterial Spot. (81).jpg,cauliflower,bacterial_spot_rot,No
cauliflower-bacterial_spot_rot,cauliflower_Bacterial Spot. (107).jpg,cauliflower,bacterial_spot_rot,No
cauliflower-bacterial_spot_rot,cauliflower_Bacterial Spot. (78).jpg,cauliflower,bacterial_spot_rot,No
cauliflower-bacterial_spot_rot,cauliflower_Bacterial Spot. (97).jpg,cauliflower,bacterial_spot_rot,No
cauliflower-bacterial_spot_rot,cauliflower_Bacterial Spot. (150).jpg,cauliflower,bacterial_spot_rot,No
cauliflower-bacterial_spot_rot,cauliflower_Bacterial Spot. (57).jpg,cauliflower,bacterial_spot_rot,No
cauliflower-bacterial_spot_rot,cauliflower_Bacterial Spot. (128).jpg,cauliflower,bacterial_spot_rot,No
cauliflower-bacterial_spot_rot,cauliflower_Bacterial Spot. (16).jpg,cauliflower,bacterial_spot_rot,No
cauliflower-bacterial_spot_rot,cauliflower_Bacterial Spot. (169).jpg,cauliflower,bacterial_spot_rot,No
cauliflower-bacterial_spot_rot,cauliflower_Bacterial Spot. (41).jpg,cauliflower,bacterial_spot_rot,No
cauliflower-bacterial_spot_rot,cauliflower_Bacterial Spot. (145).jpg,cauliflower,bacterial_spot_rot,No
cauliflower-bacterial_spot_rot,cauliflower_Bacterial Spot. (82).jpg,cauliflower,bacterial_spot_rot,No
cauliflower-bacterial_spot_rot,cauliflower_Bacterial Spot. (112).jpg,cauliflower,bacterial_spot_rot,No
cauliflower-bacterial_spot_rot,cauliflower_Bacterial Spot. (8).jpg,cauliflower,bacterial_spot_rot,No
cauliflower-bacterial_spot_rot,cauliflower_Bacterial Spot. (94).jpg,cauliflower,bacterial_spot_rot,No
cauliflower-bacterial_spot_rot,cauliflower_Bacterial Spot. (104).jpg,cauliflower,bacterial_spot_rot,No
cauliflower-bacterial_spot_rot,cauliflower_Bacterial Spot. (153).jpg,cauliflower,bacterial_spot_rot,No
cauliflower-bacterial_spot_rot,cauliflower_Bacterial Spot. (124).jpg,cauliflower,bacterial_spot_rot,No
cauliflower-bacterial_spot_rot,cauliflower_Bacterial Spot. (173).jpg,cauliflower,bacterial_spot_rot,No
cauliflower-bacterial_spot_rot,cauliflower_Bacterial Spot. (165).jpg,cauliflower,bacterial_spot_rot,No
cauliflower-bacterial_spot_rot,cauliflower_Bacterial Spot. (132).jpg,cauliflower,bacterial_spot_rot,No
cauliflower-bacterial_spot_rot,cauliflower_Bacterial Spot. (36).jpg,cauliflower,bacterial_spot_rot,No
cauliflower-bacterial_spot_rot,cauliflower_Bacterial Spot. (149).jpg,cauliflower,bacterial_spot_rot,No
cauliflower-bacterial_spot_rot,cauliflower_Bacterial Spot. (4).jpg,cauliflower,bacterial_spot_rot,No
cauliflower-bacterial_spot_rot,cauliflower_Bacterial Spot. (61).jpg,cauliflower,bacterial_spot_rot,No
cauliflower-bacterial_spot_rot,cauliflower_Bacterial Spot. (98).jpg,cauliflower,bacterial_spot_rot,No
cauliflower-bacterial_spot_rot,cauliflower_Bacterial Spot. (77).jpg,cauliflower,bacterial_spot_rot,No
cauliflower-bacterial_spot_rot,cauliflower_Bacterial Spot. (108).jpg,cauliflower,bacterial_spot_rot,No
cauliflower-bacterial_spot_rot,cauliflower_Bacterial Spot. (20).jpg,cauliflower,bacterial_spot_rot,No
cauliflower-bacterial_spot_rot,cauliflower_Bacterial Spot. (21).jpg,cauliflower,bacterial_spot_rot,No
cauliflower-bacterial_spot_rot,cauliflower_Bacterial Spot. (99).jpg,cauliflower,bacterial_spot_rot,No
cauliflower-bacterial_spot_rot,cauliflower_Bacterial Spot. (76).jpg,cauliflower,bacterial_spot_rot,No
cauliflower-bacterial_spot_rot,cauliflower_Bacterial Spot. (109).jpg,cauliflower,bacterial_spot_rot,No
cauliflower-bacterial_spot_rot,cauliflower_Bacterial Spot. (60).jpg,cauliflower,bacterial_spot_rot,No
cauliflower-bacterial_spot_rot,cauliflower_Bacterial Spot. (5).jpg,cauliflower,bacterial_spot_rot,No
cauliflower-bacterial_spot_rot,cauliflower_Bacterial Spot. (37).jpg,cauliflower,bacterial_spot_rot,No
cauliflower-bacterial_spot_rot,cauliflower_Bacterial Spot. (148).jpg,cauliflower,bacterial_spot_rot,No
cauliflower-bacterial_spot_rot,cauliflower_Bacterial Spot. (133).jpg,cauliflower,bacterial_spot_rot,No
cauliflower-bacterial_spot_rot,cauliflower_Bacterial Spot. (164).jpg,cauliflower,bacterial_spot_rot,No
cauliflower-bacterial_spot_rot,cauliflower_Bacterial Spot. (172).jpg,cauliflower,bacterial_spot_rot,No
cauliflower-bacterial_spot_rot,cauliflower_Bacterial Spot. (125).jpg,cauliflower,bacterial_spot_rot,No
cauliflower-bacterial_spot_rot,cauliflower_Bacterial Spot. (152).jpg,cauliflower,bacterial_spot_rot,No
cauliflower-bacterial_spot_rot,cauliflower_Bacterial Spot. (95).jpg,cauliflower,bacterial_spot_rot,No
cauliflower-bacterial_spot_rot,cauliflower_Bacterial Spot. (105).jpg,cauliflower,bacterial_spot_rot,No
cauliflower-bacterial_spot_rot,cauliflower_Bacterial Spot. (9).jpg,cauliflower,bacterial_spot_rot,No
cauliflower-bacterial_spot_rot,cauliflower_Bacterial Spot. (83).jpg,cauliflower,bacterial_spot_rot,No
cauliflower-bacterial_spot_rot,cauliflower_Bacterial Spot. (113).jpg,cauliflower,bacterial_spot_rot,No
cauliflower-bacterial_spot_rot,cauliflower_Bacterial Spot. (144).jpg,cauliflower,bacterial_spot_rot,No
cauliflower-bacterial_spot_rot,cauliflower_Bacterial Spot. (40).jpg,cauliflower,bacterial_spot_rot,No
cauliflower-bacterial_spot_rot,cauliflower_Bacterial Spot. (17).jpg,cauliflower,bacterial_spot_rot,No
cauliflower-bacterial_spot_rot,cauliflower_Bacterial Spot. (168).jpg,cauliflower,bacterial_spot_rot,No
cauliflower-bacterial_spot_rot,cauliflower_Bacterial Spot. (56).jpg,cauliflower,bacterial_spot_rot,No
cauliflower-bacterial_spot_rot,cauliflower_Bacterial Spot. (129).jpg,cauliflower,bacterial_spot_rot,No
cauliflower-bacterial_spot_rot,cauliflower_Bacterial Spot. (122).jpg,cauliflower,bacterial_spot_rot,No
cauliflower-bacterial_spot_rot,cauliflower_Bacterial Spot. (163).jpg,cauliflower,bacterial_spot_rot,No
cauliflower-bacterial_spot_rot,cauliflower_Bacterial Spot. (134).jpg,cauliflower,bacterial_spot_rot,No
cauliflower-bacterial_spot_rot,cauliflower_Bacterial Spot. (30).jpg,cauliflower,bacterial_spot_rot,No
cauliflower-bacterial_spot_rot,cauliflower_Bacterial Spot. (2).jpg,cauliflower,bacterial_spot_rot,No
cauliflower-bacterial_spot_rot,cauliflower_Bacterial Spot. (88).jpg,cauliflower,bacterial_spot_rot,No
cauliflower-bacterial_spot_rot,cauliflower_Bacterial Spot. (118).jpg,cauliflower,bacterial_spot_rot,No
cauliflower-bacterial_spot_rot,cauliflower_Bacterial Spot. (67).jpg,cauliflower,bacterial_spot_rot,No
cauliflower-bacterial_spot_rot,cauliflower_Bacterial Spot. (71).jpg,cauliflower,bacterial_spot_rot,No
cauliflower-bacterial_spot_rot,cauliflower_Bacterial Spot. (159).jpg,cauliflower,bacterial_spot_rot,No
cauliflower-bacterial_spot_rot,cauliflower_Bacterial Spot. (26).jpg,cauliflower,bacterial_spot_rot,No
cauliflower-bacterial_spot_rot,cauliflower_Bacterial Spot. (51).jpg,cauliflower,bacterial_spot_rot,No
cauliflower-bacterial_spot_rot,cauliflower_Bacterial Spot. (10).jpg,cauliflower,bacterial_spot_rot,No
cauliflower-bacterial_spot_rot,cauliflower_Bacterial Spot. (138).jpg,cauliflower,bacterial_spot_rot,No
cauliflower-bacterial_spot_rot,cauliflower_Bacterial Spot. (47).jpg,cauliflower,bacterial_spot_rot,No
cauliflower-bacterial_spot_rot,cauliflower_Bacterial Spot. (143).jpg,cauliflower,bacterial_spot_rot,No
cauliflower-bacterial_spot_rot,cauliflower_Bacterial Spot. (84).jpg,cauliflower,bacterial_spot_rot,No
cauliflower-bacterial_spot_rot,cauliflower_Bacterial Spot. (114).jpg,cauliflower,bacterial_spot_rot,No
cauliflower-bacterial_spot_rot,cauliflower_Bacterial Spot. (92).jpg,cauliflower,bacterial_spot_rot,No
cauliflower-bacterial_spot_rot,cauliflower_Bacterial Spot. (102).jpg,cauliflower,bacterial_spot_rot,No
cauliflower-bacterial_spot_rot,cauliflower_Bacterial Spot. (155).jpg,cauliflower,bacterial_spot_rot,No
cauliflower-bacterial_spot_rot,cauliflower_Bacterial Spot. (154).jpg,cauliflower,bacterial_spot_rot,No
cauliflower-bacterial_spot_rot,cauliflower_Bacterial Spot. (93).jpg,cauliflower,bacterial_spot_rot,No
cauliflower-bacterial_spot_rot,cauliflower_Bacterial Spot. (103).jpg,cauliflower,bacterial_spot_rot,No
cauliflower-bacterial_spot_rot,cauliflower_Bacterial Spot. (85).jpg,cauliflower,bacterial_spot_rot,No
cauliflower-bacterial_spot_rot,cauliflower_Bacterial Spot. (115).jpg,cauliflower,bacterial_spot_rot,No
cauliflower-bacterial_spot_rot,cauliflower_Bacterial Spot. (142).jpg,cauliflower,bacterial_spot_rot,No
cauliflower-bacterial_spot_rot,cauliflower_Bacterial Spot. (139).jpg,cauliflower,bacterial_spot_rot,No
cauliflower-bacterial_spot_rot,cauliflower_Bacterial Spot. (46).jpg,cauliflower,bacterial_spot_rot,No
cauliflower-bacterial_spot_rot,cauliflower_Bacterial Spot. (11).jpg,cauliflower,bacterial_spot_rot,No
cauliflower-bacterial_spot_rot,cauliflower_Bacterial Spot. (50).jpg,cauliflower,bacterial_spot_rot,No
cauliflower-bacterial_spot_rot,cauliflower_Bacterial Spot. (158).jpg,cauliflower,bacterial_spot_rot,No
cauliflower-bacterial_spot_rot,cauliflower_Bacterial Spot. (27).jpg,cauliflower,bacterial_spot_rot,No
cauliflower-bacterial_spot_rot,cauliflower_Bacterial Spot. (70).jpg,cauliflower,bacterial_spot_rot,No
cauliflower-bacterial_spot_rot,cauliflower_Bacterial Spot. (89).jpg,cauliflower,bacterial_spot_rot,No
cauliflower-bacterial_spot_rot,cauliflower_Bacterial Spot. (119).jpg,cauliflower,bacterial_spot_rot,No
cauliflower-bacterial_spot_rot,cauliflower_Bacterial Spot. (66).jpg,cauliflower,bacterial_spot_rot,No
cauliflower-bacterial_spot_rot,cauliflower_Bacterial Spot. (3).jpg,cauliflower,bacterial_spot_rot,No
cauliflower-bacterial_spot_rot,cauliflower_Bacterial Spot. (31).jpg,cauliflower,bacterial_spot_rot,No
cauliflower-bacterial_spot_rot,cauliflower_Bacterial Spot. (135).jpg,cauliflower,bacterial_spot_rot,No
cauliflower-bacterial_spot_rot,cauliflower_Bacterial Spot. (162).jpg,cauliflower,bacterial_spot_rot,No
cauliflower-bacterial_spot_rot,cauliflower_Bacterial Spot. (123).jpg,cauliflower,bacterial_spot_rot,No
bean-healthy,bean_healthy_val.17.jpg,bean,healthy,Sí
bean-healthy,bean_healthy_train.172.jpg,bean,healthy,Sí
bean-healthy,bean_healthy_train.166.jpg,bean,healthy,Sí
bean-healthy,bean_healthy_train.71.jpg,bean,healthy,Sí
bean-healthy,bean_healthy_train.65.jpg,bean,healthy,Sí
bean-healthy,bean_healthy_train.199.jpg,bean,healthy,Sí
bean-healthy,bean_healthy_val.0.jpg,bean,healthy,Sí
bean-healthy,bean_healthy_train.59.jpg,bean,healthy,Sí
bean-healthy,bean_healthy_train.238.jpg,bean,healthy,Sí
bean-healthy,bean_healthy_train.204.jpg,bean,healthy,Sí
bean-healthy,bean_healthy_train.210.jpg,bean,healthy,Sí
bean-healthy,bean_healthy_train.211.jpg,bean,healthy,Sí
bean-healthy,bean_healthy_train.205.jpg,bean,healthy,Sí
bean-healthy,bean_healthy_train.239.jpg,bean,healthy,Sí
bean-healthy,bean_healthy_val.1.jpg,bean,healthy,Sí
bean-healthy,bean_healthy_train.58.jpg,bean,healthy,Sí
bean-healthy,bean_healthy_train.198.jpg,bean,healthy,Sí
bean-healthy,bean_healthy_train.64.jpg,bean,healthy,Sí
bean-healthy,bean_healthy_train.70.jpg,bean,healthy,Sí
bean-healthy,bean_healthy_train.167.jpg,bean,healthy,Sí
bean-healthy,bean_healthy_train.173.jpg,bean,healthy,Sí
bean-healthy,bean_healthy_val.16.jpg,bean,healthy,Sí
bean-healthy,bean_healthy_val.14.jpg,bean,healthy,Sí
bean-healthy,bean_healthy_train.8.jpg,bean,healthy,Sí
bean-healthy,bean_healthy_val.28.jpg,bean,healthy,Sí
bean-healthy,bean_healthy_train.159.jpg,bean,healthy,Sí
bean-healthy,bean_healthy_train.99.jpg,bean,healthy,Sí
bean-healthy,bean_healthy_train.165.jpg,bean,healthy,Sí
bean-healthy,bean_healthy_train.171.jpg,bean,healthy,Sí
bean-healthy,bean_healthy_train.66.jpg,bean,healthy,Sí
bean-healthy,bean_healthy_train.72.jpg,bean,healthy,Sí
bean-healthy,bean_healthy_val.3.jpg,bean,healthy,Sí
bean-healthy,bean_healthy_train.213.jpg,bean,healthy,Sí
bean-healthy,bean_healthy_train.207.jpg,bean,healthy,Sí
bean-healthy,bean_healthy_train.206.jpg,bean,healthy,Sí
bean-healthy,bean_healthy_train.212.jpg,bean,healthy,Sí
bean-healthy,bean_healthy_val.2.jpg,bean,healthy,Sí
bean-healthy,bean_healthy_train.73.jpg,bean,healthy,Sí
bean-healthy,bean_healthy_train.67.jpg,bean,healthy,Sí
bean-healthy,bean_healthy_train.170.jpg,bean,healthy,Sí
bean-healthy,bean_healthy_train.164.jpg,bean,healthy,Sí
bean-healthy,bean_healthy_train.98.jpg,bean,healthy,Sí
bean-healthy,bean_healthy_train.158.jpg,bean,healthy,Sí
bean-healthy,bean_healthy_val.29.jpg,bean,healthy,Sí
bean-healthy,bean_healthy_val.15.jpg,bean,healthy,Sí
bean-healthy,bean_healthy_train.9.jpg,bean,healthy,Sí
bean-healthy,bean_healthy_val.39.jpg,bean,healthy,Sí
bean-healthy,bean_healthy_val.11.jpg,bean,healthy,Sí
bean-healthy,bean_healthy_train.160.jpg,bean,healthy,Sí
bean-healthy,bean_healthy_train.174.jpg,bean,healthy,Sí
bean-healthy,bean_healthy_train.88.jpg,bean,healthy,Sí
bean-healthy,bean_healthy_train.148.jpg,bean,healthy,Sí
bean-healthy,bean_healthy_val.6.jpg,bean,healthy,Sí
bean-healthy,bean_healthy_train.63.jpg,bean,healthy,Sí
bean-healthy,bean_healthy_train.77.jpg,bean,healthy,Sí
bean-healthy,bean_healthy_train.216.jpg,bean,healthy,Sí
bean-healthy,bean_healthy_train.202.jpg,bean,healthy,Sí
bean-healthy,bean_healthy_train.203.jpg,bean,healthy,Sí
bean-healthy,bean_healthy_train.217.jpg,bean,healthy,Sí
bean-healthy,bean_healthy_train.76.jpg,bean,healthy,Sí
bean-healthy,bean_healthy_train.62.jpg,bean,healthy,Sí
bean-healthy,bean_healthy_val.7.jpg,bean,healthy,Sí
bean-healthy,bean_healthy_train.149.jpg,bean,healthy,Sí
bean-healthy,bean_healthy_train.89.jpg,bean,healthy,Sí
bean-healthy,bean_healthy_train.175.jpg,bean,healthy,Sí
bean-healthy,bean_healthy_train.161.jpg,bean,healthy,Sí
bean-healthy,bean_healthy_val.10.jpg,bean,healthy,Sí
bean-healthy,bean_healthy_val.38.jpg,bean,healthy,Sí
bean-healthy,bean_healthy_val.12.jpg,bean,healthy,Sí
bean-healthy,bean_healthy_train.177.jpg,bean,healthy,Sí
bean-healthy,bean_healthy_train.163.jpg,bean,healthy,Sí
bean-healthy,bean_healthy_train.48.jpg,bean,healthy,Sí
bean-healthy,bean_healthy_val.5.jpg,bean,healthy,Sí
bean-healthy,bean_healthy_train.188.jpg,bean,healthy,Sí
bean-healthy,bean_healthy_train.74.jpg,bean,healthy,Sí
bean-healthy,bean_healthy_train.60.jpg,bean,healthy,Sí
bean-healthy,bean_healthy_train.201.jpg,bean,healthy,Sí
bean-healthy,bean_healthy_train.215.jpg,bean,healthy,Sí
bean-healthy,bean_healthy_train.229.jpg,bean,healthy,Sí
bean-healthy,bean_healthy_train.228.jpg,bean,healthy,Sí
bean-healthy,bean_healthy_train.214.jpg,bean,healthy,Sí
bean-healthy,bean_healthy_train.200.jpg,bean,healthy,Sí
bean-healthy,bean_healthy_train.61.jpg,bean,healthy,Sí
bean-healthy,bean_healthy_train.75.jpg,bean,healthy,Sí
bean-healthy,bean_healthy_train.189.jpg,bean,healthy,Sí
bean-healthy,bean_healthy_val.4.jpg,bean,healthy,Sí
bean-healthy,bean_healthy_train.49.jpg,bean,healthy,Sí
bean-healthy,bean_healthy_train.162.jpg,bean,healthy,Sí
bean-healthy,bean_healthy_train.176.jpg,bean,healthy,Sí
bean-healthy,bean_healthy_val.13.jpg,bean,healthy,Sí
bean-healthy,bean_healthy_train.313.jpg,bean,healthy,Sí
bean-healthy,bean_healthy_train.307.jpg,bean,healthy,Sí
bean-healthy,bean_healthy_test.13.jpg,bean,healthy,Sí
bean-healthy,bean_healthy_train.139.jpg,bean,healthy,Sí
bean-healthy,bean_healthy_train.111.jpg,bean,healthy,Sí
bean-healthy,bean_healthy_train.105.jpg,bean,healthy,Sí
bean-healthy,bean_healthy_train.12.jpg,bean,healthy,Sí
bean-healthy,bean_healthy_train.267.jpg,bean,healthy,Sí
bean-healthy,bean_healthy_train.273.jpg,bean,healthy,Sí
bean-healthy,bean_healthy_train.298.jpg,bean,healthy,Sí
bean-healthy,bean_healthy_train.299.jpg,bean,healthy,Sí
bean-healthy,bean_healthy_train.272.jpg,bean,healthy,Sí
bean-healthy,bean_healthy_train.266.jpg,bean,healthy,Sí
bean-healthy,bean_healthy_train.13.jpg,bean,healthy,Sí
bean-healthy,bean_healthy_train.104.jpg,bean,healthy,Sí
bean-healthy,bean_healthy_train.110.jpg,bean,healthy,Sí
bean-healthy,bean_healthy_train.138.jpg,bean,healthy,Sí
bean-healthy,bean_healthy_test.12.jpg,bean,healthy,Sí
bean-healthy,bean_healthy_train.306.jpg,bean,healthy,Sí
bean-healthy,bean_healthy_train.312.jpg,bean,healthy,Sí
bean-healthy,bean_healthy_train.338.jpg,bean,healthy,Sí
bean-healthy,bean_healthy_train.304.jpg,bean,healthy,Sí
bean-healthy,bean_healthy_train.310.jpg,bean,healthy,Sí
bean-healthy,bean_healthy_test.38.jpg,bean,healthy,Sí
bean-healthy,bean_healthy_test.10.jpg,bean,healthy,Sí
bean-healthy,bean_healthy_train.106.jpg,bean,healthy,Sí
bean-healthy,bean_healthy_train.112.jpg,bean,healthy,Sí
bean-healthy,bean_healthy_train.11.jpg,bean,healthy,Sí
bean-healthy,bean_healthy_train.39.jpg,bean,healthy,Sí
bean-healthy,bean_healthy_train.258.jpg,bean,healthy,Sí
bean-healthy,bean_healthy_train.270.jpg,bean,healthy,Sí
bean-healthy,bean_healthy_train.264.jpg,bean,healthy,Sí
bean-healthy,bean_healthy_train.265.jpg,bean,healthy,Sí
bean-healthy,bean_healthy_train.271.jpg,bean,healthy,Sí
bean-healthy,bean_healthy_train.259.jpg,bean,healthy,Sí
bean-healthy,bean_healthy_train.38.jpg,bean,healthy,Sí
bean-healthy,bean_healthy_train.10.jpg,bean,healthy,Sí
bean-healthy,bean_healthy_train.113.jpg,bean,healthy,Sí
bean-healthy,bean_healthy_train.107.jpg,bean,healthy,Sí
bean-healthy,bean_healthy_test.11.jpg,bean,healthy,Sí
bean-healthy,bean_healthy_test.39.jpg,bean,healthy,Sí
bean-healthy,bean_healthy_train.311.jpg,bean,healthy,Sí
bean-healthy,bean_healthy_train.305.jpg,bean,healthy,Sí
bean-healthy,bean_healthy_train.339.jpg,bean,healthy,Sí
bean-healthy,bean_healthy_train.301.jpg,bean,healthy,Sí
bean-healthy,bean_healthy_train.315.jpg,bean,healthy,Sí
bean-healthy,bean_healthy_train.329.jpg,bean,healthy,Sí
bean-healthy,bean_healthy_test.15.jpg,bean,healthy,Sí
bean-healthy,bean_healthy_test.29.jpg,bean,healthy,Sí
bean-healthy,bean_healthy_train.103.jpg,bean,healthy,Sí
bean-healthy,bean_healthy_train.117.jpg,bean,healthy,Sí
bean-healthy,bean_healthy_train.28.jpg,bean,healthy,Sí
bean-healthy,bean_healthy_train.14.jpg,bean,healthy,Sí
bean-healthy,bean_healthy_train.275.jpg,bean,healthy,Sí
bean-healthy,bean_healthy_train.261.jpg,bean,healthy,Sí
bean-healthy,bean_healthy_train.249.jpg,bean,healthy,Sí
bean-healthy,bean_healthy_train.248.jpg,bean,healthy,Sí
bean-healthy,bean_healthy_train.260.jpg,bean,healthy,Sí
bean-healthy,bean_healthy_train.274.jpg,bean,healthy,Sí
bean-healthy,bean_healthy_train.15.jpg,bean,healthy,Sí
bean-healthy,bean_healthy_train.29.jpg,bean,healthy,Sí
bean-healthy,bean_healthy_train.116.jpg,bean,healthy,Sí
bean-healthy,bean_healthy_train.102.jpg,bean,healthy,Sí
bean-healthy,bean_healthy_test.28.jpg,bean,healthy,Sí
bean-healthy,bean_healthy_test.14.jpg,bean,healthy,Sí
bean-healthy,bean_healthy_train.328.jpg,bean,healthy,Sí
bean-healthy,bean_healthy_train.314.jpg,bean,healthy,Sí
bean-healthy,bean_healthy_train.300.jpg,bean,healthy,Sí
bean-healthy,bean_healthy_train.316.jpg,bean,healthy,Sí
bean-healthy,bean_healthy_train.302.jpg,bean,healthy,Sí
bean-healthy,bean_healthy_test.8.jpg,bean,healthy,Sí
bean-healthy,bean_healthy_test.16.jpg,bean,healthy,Sí
bean-healthy,bean_healthy_train.114.jpg,bean,healthy,Sí
bean-healthy,bean_healthy_train.100.jpg,bean,healthy,Sí
bean-healthy,bean_healthy_train.128.jpg,bean,healthy,Sí
bean-healthy,bean_healthy_train.17.jpg,bean,healthy,Sí
bean-healthy,bean_healthy_train.262.jpg,bean,healthy,Sí
bean-healthy,bean_healthy_train.276.jpg,bean,healthy,Sí
bean-healthy,bean_healthy_train.289.jpg,bean,healthy,Sí
bean-healthy,bean_healthy_train.288.jpg,bean,healthy,Sí
bean-healthy,bean_healthy_train.277.jpg,bean,healthy,Sí
bean-healthy,bean_healthy_train.263.jpg,bean,healthy,Sí
bean-healthy,bean_healthy_train.16.jpg,bean,healthy,Sí
bean-healthy,bean_healthy_train.129.jpg,bean,healthy,Sí
bean-healthy,bean_healthy_train.101.jpg,bean,healthy,Sí
bean-healthy,bean_healthy_train.115.jpg,bean,healthy,Sí
bean-healthy,bean_healthy_test.17.jpg,bean,healthy,Sí
bean-healthy,bean_healthy_test.9.jpg,bean,healthy,Sí
bean-healthy,bean_healthy_train.303.jpg,bean,healthy,Sí
bean-healthy,bean_healthy_train.317.jpg,bean,healthy,Sí
bean-healthy,bean_healthy_val.41.jpg,bean,healthy,Sí
bean-healthy,bean_healthy_train.332.jpg,bean,healthy,Sí
bean-healthy,bean_healthy_train.326.jpg,bean,healthy,Sí
bean-healthy,bean_healthy_test.4.jpg,bean,healthy,Sí
bean-healthy,bean_healthy_test.26.jpg,bean,healthy,Sí
bean-healthy,bean_healthy_test.32.jpg,bean,healthy,Sí
bean-healthy,bean_healthy_train.118.jpg,bean,healthy,Sí
bean-healthy,bean_healthy_train.130.jpg,bean,healthy,Sí
bean-healthy,bean_healthy_train.124.jpg,bean,healthy,Sí
bean-healthy,bean_healthy_train.33.jpg,bean,healthy,Sí
bean-healthy,bean_healthy_train.27.jpg,bean,healthy,Sí
bean-healthy,bean_healthy_train.246.jpg,bean,healthy,Sí
bean-healthy,bean_healthy_train.252.jpg,bean,healthy,Sí
bean-healthy,bean_healthy_train.285.jpg,bean,healthy,Sí
bean-healthy,bean_healthy_train.291.jpg,bean,healthy,Sí
bean-healthy,bean_healthy_train.290.jpg,bean,healthy,Sí
bean-healthy,bean_healthy_train.284.jpg,bean,healthy,Sí
bean-healthy,bean_healthy_train.253.jpg,bean,healthy,Sí
bean-healthy,bean_healthy_train.247.jpg,bean,healthy,Sí
bean-healthy,bean_healthy_train.26.jpg,bean,healthy,Sí
bean-healthy,bean_healthy_train.32.jpg,bean,healthy,Sí
bean-healthy,bean_healthy_train.125.jpg,bean,healthy,Sí
bean-healthy,bean_healthy_train.131.jpg,bean,healthy,Sí
bean-healthy,bean_healthy_train.119.jpg,bean,healthy,Sí
bean-healthy,bean_healthy_test.33.jpg,bean,healthy,Sí
bean-healthy,bean_healthy_test.27.jpg,bean,healthy,Sí
bean-healthy,bean_healthy_test.5.jpg,bean,healthy,Sí
bean-healthy,bean_healthy_train.327.jpg,bean,healthy,Sí
bean-healthy,bean_healthy_train.333.jpg,bean,healthy,Sí
bean-healthy,bean_healthy_val.40.jpg,bean,healthy,Sí
bean-healthy,bean_healthy_train.319.jpg,bean,healthy,Sí
bean-healthy,bean_healthy_val.42.jpg,bean,healthy,Sí
bean-healthy,bean_healthy_train.325.jpg,bean,healthy,Sí
bean-healthy,bean_healthy_train.331.jpg,bean,healthy,Sí
bean-healthy,bean_healthy_test.7.jpg,bean,healthy,Sí
bean-healthy,bean_healthy_test.19.jpg,bean,healthy,Sí
bean-healthy,bean_healthy_test.31.jpg,bean,healthy,Sí
bean-healthy,bean_healthy_test.25.jpg,bean,healthy,Sí
bean-healthy,bean_healthy_train.127.jpg,bean,healthy,Sí
bean-healthy,bean_healthy_train.133.jpg,bean,healthy,Sí
bean-healthy,bean_healthy_train.24.jpg,bean,healthy,Sí
bean-healthy,bean_healthy_train.30.jpg,bean,healthy,Sí
bean-healthy,bean_healthy_train.18.jpg,bean,healthy,Sí
bean-healthy,bean_healthy_train.279.jpg,bean,healthy,Sí
bean-healthy,bean_healthy_train.251.jpg,bean,healthy,Sí
bean-healthy,bean_healthy_train.245.jpg,bean,healthy,Sí
bean-healthy,bean_healthy_train.292.jpg,bean,healthy,Sí
bean-healthy,bean_healthy_train.286.jpg,bean,healthy,Sí
bean-healthy,bean_healthy_train.287.jpg,bean,healthy,Sí
bean-healthy,bean_healthy_train.293.jpg,bean,healthy,Sí
bean-healthy,bean_healthy_train.244.jpg,bean,healthy,Sí
bean-healthy,bean_healthy_train.250.jpg,bean,healthy,Sí
bean-healthy,bean_healthy_train.278.jpg,bean,healthy,Sí
bean-healthy,bean_healthy_train.19.jpg,bean,healthy,Sí
bean-healthy,bean_healthy_train.31.jpg,bean,healthy,Sí
bean-healthy,bean_healthy_train.25.jpg,bean,healthy,Sí
bean-healthy,bean_healthy_train.132.jpg,bean,healthy,Sí
bean-healthy,bean_healthy_train.126.jpg,bean,healthy,Sí
bean-healthy,bean_healthy_test.24.jpg,bean,healthy,Sí
bean-healthy,bean_healthy_test.30.jpg,bean,healthy,Sí
bean-healthy,bean_healthy_test.18.jpg,bean,healthy,Sí
bean-healthy,bean_healthy_test.6.jpg,bean,healthy,Sí
bean-healthy,bean_healthy_train.330.jpg,bean,healthy,Sí
bean-healthy,bean_healthy_train.324.jpg,bean,healthy,Sí
bean-healthy,bean_healthy_val.43.jpg,bean,healthy,Sí
bean-healthy,bean_healthy_train.318.jpg,bean,healthy,Sí
bean-healthy,bean_healthy_train.320.jpg,bean,healthy,Sí
bean-healthy,bean_healthy_train.334.jpg,bean,healthy,Sí
bean-healthy,bean_healthy_train.308.jpg,bean,healthy,Sí
bean-healthy,bean_healthy_test.34.jpg,bean,healthy,Sí
bean-healthy,bean_healthy_test.20.jpg,bean,healthy,Sí
bean-healthy,bean_healthy_test.2.jpg,bean,healthy,Sí
bean-healthy,bean_healthy_train.122.jpg,bean,healthy,Sí
bean-healthy,bean_healthy_train.136.jpg,bean,healthy,Sí
bean-healthy,bean_healthy_train.21.jpg,bean,healthy,Sí
bean-healthy,bean_healthy_train.35.jpg,bean,healthy,Sí
bean-healthy,bean_healthy_train.254.jpg,bean,healthy,Sí
bean-healthy,bean_healthy_train.240.jpg,bean,healthy,Sí
bean-healthy,bean_healthy_train.268.jpg,bean,healthy,Sí
bean-healthy,bean_healthy_train.297.jpg,bean,healthy,Sí
bean-healthy,bean_healthy_train.283.jpg,bean,healthy,Sí
bean-healthy,bean_healthy_train.120tore,bean,healthy,Sí
bean-healthy,bean_healthy_train.282.jpg,bean,healthy,Sí
bean-healthy,bean_healthy_train.296.jpg,bean,healthy,Sí
bean-healthy,bean_healthy_train.269.jpg,bean,healthy,Sí
bean-healthy,bean_healthy_train.241.jpg,bean,healthy,Sí
bean-healthy,bean_healthy_train.255.jpg,bean,healthy,Sí
bean-healthy,bean_healthy_train.34.jpg,bean,healthy,Sí
bean-healthy,bean_healthy_train.20.jpg,bean,healthy,Sí
bean-healthy,bean_healthy_train.137.jpg,bean,healthy,Sí
bean-healthy,bean_healthy_train.123.jpg,bean,healthy,Sí
bean-healthy,bean_healthy_test.3.jpg,bean,healthy,Sí
bean-healthy,bean_healthy_test.21.jpg,bean,healthy,Sí
bean-healthy,bean_healthy_test.35.jpg,bean,healthy,Sí
bean-healthy,bean_healthy_train.309.jpg,bean,healthy,Sí
bean-healthy,bean_healthy_train.335.jpg,bean,healthy,Sí
bean-healthy,bean_healthy_train.321.jpg,bean,healthy,Sí
bean-healthy,bean_healthy_train.337.jpg,bean,healthy,Sí
bean-healthy,bean_healthy_train.323.jpg,bean,healthy,Sí
bean-healthy,bean_healthy_test.23.jpg,bean,healthy,Sí
bean-healthy,bean_healthy_test.37.jpg,bean,healthy,Sí
bean-healthy,bean_healthy_test.1.jpg,bean,healthy,Sí
bean-healthy,bean_healthy_train.135.jpg,bean,healthy,Sí
bean-healthy,bean_healthy_train.121.jpg,bean,healthy,Sí
bean-healthy,bean_healthy_train.109.jpg,bean,healthy,Sí
bean-healthy,bean_healthy_train.36.jpg,bean,healthy,Sí
bean-healthy,bean_healthy_train.22.jpg,bean,healthy,Sí
bean-healthy,bean_healthy_train.243.jpg,bean,healthy,Sí
bean-healthy,bean_healthy_train.257.jpg,bean,healthy,Sí
bean-healthy,bean_healthy_train.280.jpg,bean,healthy,Sí
bean-healthy,bean_healthy_train.294.jpg,bean,healthy,Sí
bean-healthy,bean_healthy_train.295.jpg,bean,healthy,Sí
bean-healthy,bean_healthy_train.281.jpg,bean,healthy,Sí
bean-healthy,bean_healthy_train.256.jpg,bean,healthy,Sí
bean-healthy,bean_healthy_train.242.jpg,bean,healthy,Sí
bean-healthy,bean_healthy_train.23.jpg,bean,healthy,Sí
bean-healthy,bean_healthy_train.37.jpg,bean,healthy,Sí
bean-healthy,bean_healthy_train.108.jpg,bean,healthy,Sí
bean-healthy,bean_healthy_train.134.jpg,bean,healthy,Sí
bean-healthy,bean_healthy_test.0.jpg,bean,healthy,Sí
bean-healthy,bean_healthy_test.36.jpg,bean,healthy,Sí
bean-healthy,bean_healthy_test.22.jpg,bean,healthy,Sí
bean-healthy,bean_healthy_train.322.jpg,bean,healthy,Sí
bean-healthy,bean_healthy_train.336.jpg,bean,healthy,Sí
bean-healthy,bean_healthy_val.22.jpg,bean,healthy,Sí
bean-healthy,bean_healthy_val.36.jpg,bean,healthy,Sí
bean-healthy,bean_healthy_train.2.jpg,bean,healthy,Sí
bean-healthy,bean_healthy_train.93.jpg,bean,healthy,Sí
bean-healthy,bean_healthy_train.87.jpg,bean,healthy,Sí
bean-healthy,bean_healthy_train.153.jpg,bean,healthy,Sí
bean-healthy,bean_healthy_train.147.jpg,bean,healthy,Sí
bean-healthy,bean_healthy_train.50.jpg,bean,healthy,Sí
bean-healthy,bean_healthy_val.9.jpg,bean,healthy,Sí
bean-healthy,bean_healthy_train.44.jpg,bean,healthy,Sí
bean-healthy,bean_healthy_train.190.jpg,bean,healthy,Sí
bean-healthy,bean_healthy_train.78.jpg,bean,healthy,Sí
bean-healthy,bean_healthy_train.184.jpg,bean,healthy,Sí
bean-healthy,bean_healthy_train.219.jpg,bean,healthy,Sí
bean-healthy,bean_healthy_train.225.jpg,bean,healthy,Sí
bean-healthy,bean_healthy_train.231.jpg,bean,healthy,Sí
bean-healthy,bean_healthy_train.230.jpg,bean,healthy,Sí
bean-healthy,bean_healthy_train.224.jpg,bean,healthy,Sí
bean-healthy,bean_healthy_train.218.jpg,bean,healthy,Sí
bean-healthy,bean_healthy_train.185.jpg,bean,healthy,Sí
bean-healthy,bean_healthy_train.79.jpg,bean,healthy,Sí
bean-healthy,bean_healthy_train.191.jpg,bean,healthy,Sí
bean-healthy,bean_healthy_train.45.jpg,bean,healthy,Sí
bean-healthy,bean_healthy_train.51.jpg,bean,healthy,Sí
bean-healthy,bean_healthy_val.8.jpg,bean,healthy,Sí
bean-healthy,bean_healthy_train.146.jpg,bean,healthy,Sí
bean-healthy,bean_healthy_train.152.jpg,bean,healthy,Sí
bean-healthy,bean_healthy_train.86.jpg,bean,healthy,Sí
bean-healthy,bean_healthy_train.92.jpg,bean,healthy,Sí
bean-healthy,bean_healthy_train.3.jpg,bean,healthy,Sí
bean-healthy,bean_healthy_val.37.jpg,bean,healthy,Sí
bean-healthy,bean_healthy_val.23.jpg,bean,healthy,Sí
bean-healthy,bean_healthy_val.35.jpg,bean,healthy,Sí
bean-healthy,bean_healthy_val.21.jpg,bean,healthy,Sí
bean-healthy,bean_healthy_train.1.jpg,bean,healthy,Sí
bean-healthy,bean_healthy_train.84.jpg,bean,healthy,Sí
bean-healthy,bean_healthy_train.178.jpg,bean,healthy,Sí
bean-healthy,bean_healthy_train.90.jpg,bean,healthy,Sí
bean-healthy,bean_healthy_train.144.jpg,bean,healthy,Sí
bean-healthy,bean_healthy_train.150.jpg,bean,healthy,Sí
bean-healthy,bean_healthy_train.47.jpg,bean,healthy,Sí
bean-healthy,bean_healthy_train.53.jpg,bean,healthy,Sí
bean-healthy,bean_healthy_train.187.jpg,bean,healthy,Sí
bean-healthy,bean_healthy_train.193.jpg,bean,healthy,Sí
bean-healthy,bean_healthy_train.232.jpg,bean,healthy,Sí
bean-healthy,bean_healthy_train.226.jpg,bean,healthy,Sí
bean-healthy,bean_healthy_train.227.jpg,bean,healthy,Sí
bean-healthy,bean_healthy_train.233.jpg,bean,healthy,Sí
bean-healthy,bean_healthy_train.192.jpg,bean,healthy,Sí
bean-healthy,bean_healthy_train.186.jpg,bean,healthy,Sí
bean-healthy,bean_healthy_train.52.jpg,bean,healthy,Sí
bean-healthy,bean_healthy_train.46.jpg,bean,healthy,Sí
bean-healthy,bean_healthy_train.151.jpg,bean,healthy,Sí
bean-healthy,bean_healthy_train.145.jpg,bean,healthy,Sí
bean-healthy,bean_healthy_train.91.jpg,bean,healthy,Sí
bean-healthy,bean_healthy_train.179.jpg,bean,healthy,Sí
bean-healthy,bean_healthy_train.85.jpg,bean,healthy,Sí
bean-healthy,bean_healthy_train.0.jpg,bean,healthy,Sí
bean-healthy,bean_healthy_val.20.jpg,bean,healthy,Sí
bean-healthy,bean_healthy_val.34.jpg,bean,healthy,Sí
bean-healthy,bean_healthy_val.18.jpg,bean,healthy,Sí
bean-healthy,bean_healthy_train.4.jpg,bean,healthy,Sí
bean-healthy,bean_healthy_val.30.jpg,bean,healthy,Sí
bean-healthy,bean_healthy_val.24.jpg,bean,healthy,Sí
bean-healthy,bean_healthy_train.141.jpg,bean,healthy,Sí
bean-healthy,bean_healthy_train.155.jpg,bean,healthy,Sí
bean-healthy,bean_healthy_train.81.jpg,bean,healthy,Sí
bean-healthy,bean_healthy_train.169.jpg,bean,healthy,Sí
bean-healthy,bean_healthy_train.95.jpg,bean,healthy,Sí
bean-healthy,bean_healthy_train.182.jpg,bean,healthy,Sí
bean-healthy,bean_healthy_train.196.jpg,bean,healthy,Sí
bean-healthy,bean_healthy_train.42.jpg,bean,healthy,Sí
bean-healthy,bean_healthy_train.56.jpg,bean,healthy,Sí
bean-healthy,bean_healthy_train.237.jpg,bean,healthy,Sí
bean-healthy,bean_healthy_train.223.jpg,bean,healthy,Sí
bean-healthy,bean_healthy_train.222.jpg,bean,healthy,Sí
bean-healthy,bean_healthy_train.236.jpg,bean,healthy,Sí
bean-healthy,bean_healthy_train.57.jpg,bean,healthy,Sí
bean-healthy,bean_healthy_train.43.jpg,bean,healthy,Sí
bean-healthy,bean_healthy_train.197.jpg,bean,healthy,Sí
bean-healthy,bean_healthy_train.183.jpg,bean,healthy,Sí
bean-healthy,bean_healthy_train.94.jpg,bean,healthy,Sí
bean-healthy,bean_healthy_train.168.jpg,bean,healthy,Sí
bean-healthy,bean_healthy_train.80.jpg,bean,healthy,Sí
bean-healthy,bean_healthy_train.154.jpg,bean,healthy,Sí
bean-healthy,bean_healthy_train.140.jpg,bean,healthy,Sí
bean-healthy,bean_healthy_val.25.jpg,bean,healthy,Sí
bean-healthy,bean_healthy_val.31.jpg,bean,healthy,Sí
bean-healthy,bean_healthy_val.19.jpg,bean,healthy,Sí
bean-healthy,bean_healthy_train.5.jpg,bean,healthy,Sí
bean-healthy,bean_healthy_train.7.jpg,bean,healthy,Sí
bean-healthy,bean_healthy_train.340.jpg,bean,healthy,Sí
bean-healthy,bean_healthy_val.27.jpg,bean,healthy,Sí
bean-healthy,bean_healthy_val.33.jpg,bean,healthy,Sí
bean-healthy,bean_healthy_test.40.jpg,bean,healthy,Sí
bean-healthy,bean_healthy_train.156.jpg,bean,healthy,Sí
bean-healthy,bean_healthy_train.142.jpg,bean,healthy,Sí
bean-healthy,bean_healthy_train.96.jpg,bean,healthy,Sí
bean-healthy,bean_healthy_train.82.jpg,bean,healthy,Sí
bean-healthy,bean_healthy_train.195.jpg,bean,healthy,Sí
bean-healthy,bean_healthy_train.69.jpg,bean,healthy,Sí
bean-healthy,bean_healthy_train.181.jpg,bean,healthy,Sí
bean-healthy,bean_healthy_train.55.jpg,bean,healthy,Sí
bean-healthy,bean_healthy_train.41.jpg,bean,healthy,Sí
bean-healthy,bean_healthy_train.220.jpg,bean,healthy,Sí
bean-healthy,bean_healthy_train.234.jpg,bean,healthy,Sí
bean-healthy,bean_healthy_train.208.jpg,bean,healthy,Sí
bean-healthy,bean_healthy_train.209.jpg,bean,healthy,Sí
bean-healthy,bean_healthy_train.235.jpg,bean,healthy,Sí
bean-healthy,bean_healthy_train.221.jpg,bean,healthy,Sí
bean-healthy,bean_healthy_train.40.jpg,bean,healthy,Sí
bean-healthy,bean_healthy_train.54.jpg,bean,healthy,Sí
bean-healthy,bean_healthy_train.180.jpg,bean,healthy,Sí
bean-healthy,bean_healthy_train.68.jpg,bean,healthy,Sí
bean-healthy,bean_healthy_train.194.jpg,bean,healthy,Sí
bean-healthy,bean_healthy_train.83.jpg,bean,healthy,Sí
bean-healthy,bean_healthy_train.97.jpg,bean,healthy,Sí
bean-healthy,bean_healthy_train.143.jpg,bean,healthy,Sí
bean-healthy,bean_healthy_train.157.jpg,bean,healthy,Sí
bean-healthy,bean_healthy_test.41.jpg,bean,healthy,Sí
bean-healthy,bean_healthy_val.32.jpg,bean,healthy,Sí
bean-healthy,bean_healthy_val.26.jpg,bean,healthy,Sí
bean-healthy,bean_healthy_train.341.jpg,bean,healthy,Sí
bean-healthy,bean_healthy_train.6.jpg,bean,healthy,Sí
cucumber-diseased,cucumber_IMG20200629182152.jpg,cucumber,diseased,No
cucumber-diseased,cucumber_IMG20200629182146.jpg,cucumber,diseased,No
cucumber-diseased,cucumber_IMG20200629182344.jpg,cucumber,diseased,No
cucumber-diseased,cucumber_photo_2020-06-27_23-53-45.jpg,cucumber,diseased,No
cucumber-diseased,cucumber_photo_2020-06-27_23-53-51.jpg,cucumber,diseased,No
cucumber-diseased,cucumber_photo_2020-06-27_23-54-58.jpg,cucumber,diseased,No
cucumber-diseased,cucumber_IMG20200629182542.jpg,cucumber,diseased,No
cucumber-diseased,cucumber_IMG20200629182224.jpg,cucumber,diseased,No
cucumber-diseased,cucumber_IMG20200629182026.jpg,cucumber,diseased,No
cucumber-diseased,cucumber_photo_2020-06-27_23-55-30.jpg,cucumber,diseased,No
cucumber-diseased,cucumber_photo_2020-06-27_23-55-18.jpg,cucumber,diseased,No
cucumber-diseased,cucumber_IMG20200629182810_01.jpg,cucumber,diseased,No
cucumber-diseased,cucumber_photo_2020-06-27_23-55-19.jpg,cucumber,diseased,No
cucumber-diseased,cucumber_photo_2020-06-27_23-55-31.jpg,cucumber,diseased,No
cucumber-diseased,cucumber_photo_2020-06-27_23-55-25.jpg,cucumber,diseased,No
cucumber-diseased,cucumber_IMG20200629182225.jpg,cucumber,diseased,No
cucumber-diseased,cucumber_photo_2020-06-27_23-53-50.jpg,cucumber,diseased,No
cucumber-diseased,cucumber_photo_2020-06-27_23-54-59.jpg,cucumber,diseased,No
cucumber-diseased,cucumber_photo_2020-06-27_23-53-44.jpg,cucumber,diseased,No
cucumber-diseased,cucumber_IMG20200629182345.jpg,cucumber,diseased,No
cucumber-diseased,cucumber_IMG20200629182158_01.jpg,cucumber,diseased,No
cucumber-diseased,cucumber_IMG20200629182812.jpg,cucumber,diseased,No
cucumber-diseased,cucumber_IMG20200629182147.jpg,cucumber,diseased,No
cucumber-diseased,cucumber_IMG20200629182153.jpg,cucumber,diseased,No
cucumber-diseased,cucumber_IMG20200629182635.jpg,cucumber,diseased,No
cucumber-diseased,cucumber_IMG20200629182345_01.jpg,cucumber,diseased,No
cucumber-diseased,cucumber_IMG20200629182810.jpg,cucumber,diseased,No
cucumber-diseased,cucumber_IMG20200629182409.jpg,cucumber,diseased,No
cucumber-diseased,cucumber_photo_2020-06-27_23-53-52.jpg,cucumber,diseased,No
cucumber-diseased,cucumber_photo_2020-06-27_23-53-46.jpg,cucumber,diseased,No
cucumber-diseased,cucumber_IMG20200629182227.jpg,cucumber,diseased,No
cucumber-diseased,cucumber_IMG20200629182031.jpg,cucumber,diseased,No
cucumber-diseased,cucumber_photo_2020-06-27_23-55-33.jpg,cucumber,diseased,No
cucumber-diseased,cucumber_photo_2020-06-27_23-55-27.jpg,cucumber,diseased,No
cucumber-diseased,cucumber_photo_2020-06-27_23-55-04 (2).jpg,cucumber,diseased,No
cucumber-diseased,cucumber_IMG20200629182334_01.jpg,cucumber,diseased,No
cucumber-diseased,cucumber_photo_2020-06-27_23-55-26.jpg,cucumber,diseased,No
cucumber-diseased,cucumber_photo_2020-06-27_23-55-32.jpg,cucumber,diseased,No
cucumber-diseased,cucumber_IMG20200629182018.jpg,cucumber,diseased,No
cucumber-diseased,cucumber_photo_2020-06-27_23-51-13 (2).jpg,cucumber,diseased,No
cucumber-diseased,cucumber_IMG20200629182226.jpg,cucumber,diseased,No
cucumber-diseased,cucumber_photo_2020-06-27_23-53-47.jpg,cucumber,diseased,No
cucumber-diseased,cucumber_photo_2020-06-27_23-53-53.jpg,cucumber,diseased,No
cucumber-diseased,cucumber_photo_2020-06-27_23-53-44 (2).jpg,cucumber,diseased,No
cucumber-diseased,cucumber_IMG20200629182811.jpg,cucumber,diseased,No
cucumber-diseased,cucumber_IMG20200629182626.jpg,cucumber,diseased,No
cucumber-diseased,cucumber_IMG20200629182632.jpg,cucumber,diseased,No
cucumber-diseased,cucumber_IMG20200629182418.jpg,cucumber,diseased,No
cucumber-diseased,cucumber_photo_2020-06-27_23-53-57.jpg,cucumber,diseased,No
cucumber-diseased,cucumber_photo_2020-06-27_23-55-15 (2).jpg,cucumber,diseased,No
cucumber-diseased,cucumber_IMG20200629182752.jpg,cucumber,diseased,No
cucumber-diseased,cucumber_IMG20200629182746.jpg,cucumber,diseased,No
cucumber-diseased,cucumber_photo_2020-06-27_23-55-36.jpg,cucumber,diseased,No
cucumber-diseased,cucumber_photo_2020-06-27_23-55-22.jpg,cucumber,diseased,No
cucumber-diseased,cucumber_photo_2020-06-27_23-51-02 (2).jpg,cucumber,diseased,No
cucumber-diseased,cucumber_photo_2020-06-27_23-55-37.jpg,cucumber,diseased,No
cucumber-diseased,cucumber_IMG20200629182747.jpg,cucumber,diseased,No
cucumber-diseased,cucumber_photo_2020-06-27_23-55-48 (2).jpg,cucumber,diseased,No
cucumber-diseased,cucumber_IMG20200629182753.jpg,cucumber,diseased,No
cucumber-diseased,cucumber_photo_2020-06-27_23-53-42.jpg,cucumber,diseased,No
cucumber-diseased,cucumber_photo_2020-06-27_23-53-56.jpg,cucumber,diseased,No
cucumber-diseased,cucumber_IMG20200629182419.jpg,cucumber,diseased,No
cucumber-diseased,cucumber_IMG20200629182357.jpg,cucumber,diseased,No
cucumber-diseased,cucumber_IMG20200629182200_01.jpg,cucumber,diseased,No
cucumber-diseased,cucumber_IMG20200629182633.jpg,cucumber,diseased,No
cucumber-diseased,cucumber_IMG20200629182625.jpg,cucumber,diseased,No
cucumber-diseased,cucumber_IMG20200629182355.jpg,cucumber,diseased,No
cucumber-diseased,cucumber_photo_2020-06-27_23-53-40.jpg,cucumber,diseased,No
cucumber-diseased,cucumber_photo_2020-06-27_23-54-49.jpg,cucumber,diseased,No
cucumber-diseased,cucumber_photo_2020-06-27_23-53-54.jpg,cucumber,diseased,No
cucumber-diseased,cucumber_IMG20200629182235.jpg,cucumber,diseased,No
cucumber-diseased,cucumber_IMG20200629182751.jpg,cucumber,diseased,No
cucumber-diseased,cucumber_photo_2020-06-27_23-55-09.jpg,cucumber,diseased,No
cucumber-diseased,cucumber_photo_2020-06-27_23-55-21.jpg,cucumber,diseased,No
cucumber-diseased,cucumber_photo_2020-06-27_23-55-35.jpg,cucumber,diseased,No
cucumber-diseased,cucumber_photo_2020-06-27_23-55-34.jpg,cucumber,diseased,No
cucumber-diseased,cucumber_photo_2020-06-27_23-55-20.jpg,cucumber,diseased,No
cucumber-diseased,cucumber_photo_2020-06-27_23-55-08.jpg,cucumber,diseased,No
cucumber-diseased,cucumber_photo_2020-06-27_23-53-41.jpg,cucumber,diseased,No
cucumber-diseased,cucumber_photo_2020-06-27_23-54-48.jpg,cucumber,diseased,No
cucumber-diseased,cucumber_IMG20200629182148_01.jpg,cucumber,diseased,No
cucumber-diseased,cucumber_IMG20200629182354.jpg,cucumber,diseased,No
cucumber-diseased,cucumber_IMG20200629182624.jpg,cucumber,diseased,No
cucumber-diseased,cucumber_IMG20200629182119.jpg,cucumber,diseased,No
cucumber-diseased,cucumber_photo_2020-06-27_23-53-32.jpg,cucumber,diseased,No
cucumber-diseased,cucumber_photo_2020-06-27_23-54-13.jpg,cucumber,diseased,No
cucumber-diseased,cucumber_photo_2020-06-27_23-54-07.jpg,cucumber,diseased,No
cucumber-diseased,cucumber_IMG20200629182509.jpg,cucumber,diseased,No
cucumber-diseased,cucumber_IMG20200629182535.jpg,cucumber,diseased,No
cucumber-diseased,cucumber_IMG20200629182316_01.jpg,cucumber,diseased,No
cucumber-diseased,cucumber_photo_2020-06-27_23-51-23.jpg,cucumber,diseased,No
cucumber-diseased,cucumber_IMG20200629182045.jpg,cucumber,diseased,No
cucumber-diseased,cucumber_photo_2020-06-27_23-55-47.jpg,cucumber,diseased,No
cucumber-diseased,cucumber_photo_2020-06-27_23-55-46.jpg,cucumber,diseased,No
cucumber-diseased,cucumber_photo_2020-06-27_23-51-22.jpg,cucumber,diseased,No
cucumber-diseased,cucumber_IMG20200629182534.jpg,cucumber,diseased,No
cucumber-diseased,cucumber_IMG20200629182508.jpg,cucumber,diseased,No
cucumber-diseased,cucumber_photo_2020-06-27_23-54-06.jpg,cucumber,diseased,No
cucumber-diseased,cucumber_photo_2020-06-27_23-54-12.jpg,cucumber,diseased,No
cucumber-diseased,cucumber_IMG20200629182124.jpg,cucumber,diseased,No
cucumber-diseased,cucumber_IMG20200629182132.jpg,cucumber,diseased,No
cucumber-diseased,cucumber_photo_2020-06-27_23-54-45 (2).jpg,cucumber,diseased,No
cucumber-diseased,cucumber_photo_2020-06-27_23-54-38.jpg,cucumber,diseased,No
cucumber-diseased,cucumber_IMG20200629182703_01.jpg,cucumber,diseased,No
cucumber-diseased,cucumber_IMG20200629182250.jpg,cucumber,diseased,No
cucumber-diseased,cucumber_IMG20200629182536.jpg,cucumber,diseased,No
cucumber-diseased,cucumber_photo_2020-06-27_23-51-20.jpg,cucumber,diseased,No
cucumber-diseased,cucumber_IMG20200629182720.jpg,cucumber,diseased,No
cucumber-diseased,cucumber_photo_2020-06-27_23-55-50.jpg,cucumber,diseased,No
cucumber-diseased,cucumber_photo_2020-06-27_23-55-44.jpg,cucumber,diseased,No
cucumber-diseased,cucumber_photo_2020-06-27_23-55-43 (2).jpg,cucumber,diseased,No
cucumber-diseased,cucumber_photo_2020-06-27_23-55-45.jpg,cucumber,diseased,No
cucumber-diseased,cucumber_photo_2020-06-27_23-55-51.jpg,cucumber,diseased,No
cucumber-diseased,cucumber_IMG20200629182047.jpg,cucumber,diseased,No
cucumber-diseased,cucumber_IMG20200629182721.jpg,cucumber,diseased,No
cucumber-diseased,cucumber_IMG20200629182639_01.jpg,cucumber,diseased,No
cucumber-diseased,cucumber_photo_2020-06-27_23-51-21.jpg,cucumber,diseased,No
cucumber-diseased,cucumber_photo_2020-06-27_23-54-11.jpg,cucumber,diseased,No
cucumber-diseased,cucumber_IMG20200629182107_01.jpg,cucumber,diseased,No
cucumber-diseased,cucumber_photo_2020-06-27_23-54-05.jpg,cucumber,diseased,No
cucumber-diseased,cucumber_photo_2020-06-27_23-53-30.jpg,cucumber,diseased,No
cucumber-diseased,cucumber_photo_2020-06-27_23-54-39.jpg,cucumber,diseased,No
cucumber-diseased,cucumber_IMG20200629182119_01.jpg,cucumber,diseased,No
cucumber-diseased,cucumber_IMG20200629182133.jpg,cucumber,diseased,No
cucumber-diseased,cucumber_IMG20200629182655.jpg,cucumber,diseased,No
cucumber-diseased,cucumber_IMG20200629182123.jpg,cucumber,diseased,No
cucumber-diseased,cucumber_photo_2020-06-27_23-54-54 (2).jpg,cucumber,diseased,No
cucumber-diseased,cucumber_IMG20200629182713_01.jpg,cucumber,diseased,No
cucumber-diseased,cucumber_IMG20200629182321.jpg,cucumber,diseased,No
cucumber-diseased,cucumber_IMG20200629182335.jpg,cucumber,diseased,No
cucumber-diseased,cucumber_photo_2020-06-27_23-54-15.jpg,cucumber,diseased,No
cucumber-diseased,cucumber_photo_2020-06-27_23-53-34.jpg,cucumber,diseased,No
cucumber-diseased,cucumber_photo_2020-06-27_23-54-29.jpg,cucumber,diseased,No
cucumber-diseased,cucumber_IMG20200629182255.jpg,cucumber,diseased,No
cucumber-diseased,cucumber_photo_2020-06-27_23-51-19.jpg,cucumber,diseased,No
cucumber-diseased,cucumber_photo_2020-06-27_23-51-25.jpg,cucumber,diseased,No
cucumber-diseased,cucumber_IMG20200629182725.jpg,cucumber,diseased,No
cucumber-diseased,cucumber_IMG20200629182719.jpg,cucumber,diseased,No
cucumber-diseased,cucumber_photo_2020-06-27_23-54-36 (2).jpg,cucumber,diseased,No
cucumber-diseased,cucumber_photo_2020-06-27_23-55-41.jpg,cucumber,diseased,No
cucumber-diseased,cucumber_photo_2020-06-27_23-55-40.jpg,cucumber,diseased,No
cucumber-diseased,cucumber_IMG20200629182718.jpg,cucumber,diseased,No
cucumber-diseased,cucumber_IMG20200629182056.jpg,cucumber,diseased,No
cucumber-diseased,cucumber_photo_2020-06-27_23-51-24.jpg,cucumber,diseased,No
cucumber-diseased,cucumber_photo_2020-06-27_23-51-30.jpg,cucumber,diseased,No
cucumber-diseased,cucumber_photo_2020-06-27_23-54-28.jpg,cucumber,diseased,No
cucumber-diseased,cucumber_photo_2020-06-27_23-53-35.jpg,cucumber,diseased,No
cucumber-diseased,cucumber_photo_2020-06-27_23-54-14.jpg,cucumber,diseased,No
cucumber-diseased,cucumber_IMG20200629182334.jpg,cucumber,diseased,No
cucumber-diseased,cucumber_photo_2020-06-27_23-50-58.jpg,cucumber,diseased,No
cucumber-diseased,cucumber_IMG20200629182122.jpg,cucumber,diseased,No
cucumber-diseased,cucumber_IMG20200629182134.jpg,cucumber,diseased,No
cucumber-diseased,cucumber_IMG20200629182652.jpg,cucumber,diseased,No
cucumber-diseased,cucumber_IMG20200629182214_01.jpg,cucumber,diseased,No
cucumber-diseased,cucumber_IMG20200629182322.jpg,cucumber,diseased,No
cucumber-diseased,cucumber_photo_2020-06-27_23-54-16.jpg,cucumber,diseased,No
cucumber-diseased,cucumber_photo_2020-06-27_23-54-02.jpg,cucumber,diseased,No
cucumber-diseased,cucumber_photo_2020-06-27_23-53-37.jpg,cucumber,diseased,No
cucumber-diseased,cucumber_IMG20200629182518.jpg,cucumber,diseased,No
cucumber-diseased,cucumber_photo_2020-06-27_23-51-26.jpg,cucumber,diseased,No
cucumber-diseased,cucumber_IMG20200629182726.jpg,cucumber,diseased,No
cucumber-diseased,cucumber_IMG20200629182054.jpg,cucumber,diseased,No
cucumber-diseased,cucumber_photo_2020-06-27_23-55-42.jpg,cucumber,diseased,No
cucumber-diseased,cucumber_photo_2020-06-27_23-55-43.jpg,cucumber,diseased,No
cucumber-diseased,cucumber_IMG20200629182055.jpg,cucumber,diseased,No
cucumber-diseased,cucumber_photo_2020-06-27_23-51-27.jpg,cucumber,diseased,No
cucumber-diseased,cucumber_IMG20200629181951.jpg,cucumber,diseased,No
cucumber-diseased,cucumber_photo_2020-06-27_23-53-36.jpg,cucumber,diseased,No
cucumber-diseased,cucumber_photo_2020-06-27_23-54-17.jpg,cucumber,diseased,No
cucumber-diseased,cucumber_IMG20200629182510_01.jpg,cucumber,diseased,No
cucumber-diseased,cucumber_IMG20200629182647.jpg,cucumber,diseased,No
cucumber-diseased,cucumber_IMG20200629182653.jpg,cucumber,diseased,No
cucumber-diseased,cucumber_IMG20200629182110.jpg,cucumber,diseased,No
cucumber-diseased,cucumber_IMG20200629182104.jpg,cucumber,diseased,No
cucumber-diseased,cucumber_photo_2020-06-27_23-50-56.jpg,cucumber,diseased,No
cucumber-diseased,cucumber_IMG20200629182312.jpg,cucumber,diseased,No
cucumber-diseased,cucumber_IMG20200629182306.jpg,cucumber,diseased,No
cucumber-diseased,cucumber_IMG20200629182811_02.jpg,cucumber,diseased,No
cucumber-diseased,cucumber_photo_2020-06-27_23-54-32.jpg,cucumber,diseased,No
cucumber-diseased,cucumber_photo_2020-06-27_23-54-26.jpg,cucumber,diseased,No
cucumber-diseased,cucumber_IMG20200629182528.jpg,cucumber,diseased,No
cucumber-diseased,cucumber_IMG20200629182211_01.jpg,cucumber,diseased,No
cucumber-diseased,cucumber_photo_2020-06-27_23-51-02.jpg,cucumber,diseased,No
cucumber-diseased,cucumber_photo_2020-06-27_23-51-16.jpg,cucumber,diseased,No
cucumber-diseased,cucumber_IMG20200629182058.jpg,cucumber,diseased,No
cucumber-diseased,cucumber_IMG20200629182716.jpg,cucumber,diseased,No
cucumber-diseased,cucumber_IMG20200629182717.jpg,cucumber,diseased,No
cucumber-diseased,cucumber_IMG20200629182703.jpg,cucumber,diseased,No
cucumber-diseased,cucumber_photo_2020-06-27_23-51-17.jpg,cucumber,diseased,No
cucumber-diseased,cucumber_photo_2020-06-27_23-51-03.jpg,cucumber,diseased,No
cucumber-diseased,cucumber_IMG20200629182515.jpg,cucumber,diseased,No
cucumber-diseased,cucumber_IMG20200629182529.jpg,cucumber,diseased,No
cucumber-diseased,cucumber_photo_2020-06-27_23-54-27.jpg,cucumber,diseased,No
cucumber-diseased,cucumber_photo_2020-06-27_23-54-33.jpg,cucumber,diseased,No
cucumber-diseased,cucumber_IMG20200629182307.jpg,cucumber,diseased,No
cucumber-diseased,cucumber_photo_2020-06-27_23-50-57.jpg,cucumber,diseased,No
cucumber-diseased,cucumber_IMG20200629182649.jpg,cucumber,diseased,No
cucumber-diseased,cucumber_IMG20200629182107.jpg,cucumber,diseased,No
cucumber-diseased,cucumber_photo_2020-06-27_23-50-55.jpg,cucumber,diseased,No
cucumber-diseased,cucumber_IMG20200629182305.jpg,cucumber,diseased,No
cucumber-diseased,cucumber_IMG20200629182311.jpg,cucumber,diseased,No
cucumber-diseased,cucumber_IMG20200629182128_01.jpg,cucumber,diseased,No
cucumber-diseased,cucumber_photo_2020-06-27_23-54-19.jpg,cucumber,diseased,No
cucumber-diseased,cucumber_IMG20200629182811_01.jpg,cucumber,diseased,No
cucumber-diseased,cucumber_photo_2020-06-27_23-54-25.jpg,cucumber,diseased,No
cucumber-diseased,cucumber_IMG20200629182704_01.jpg,cucumber,diseased,No
cucumber-diseased,cucumber_photo_2020-06-27_23-54-31.jpg,cucumber,diseased,No
cucumber-diseased,cucumber_photo_2020-06-27_23-53-38.jpg,cucumber,diseased,No
cucumber-diseased,cucumber_IMG20200629182517.jpg,cucumber,diseased,No
cucumber-diseased,cucumber_photo_2020-06-27_23-51-15.jpg,cucumber,diseased,No
cucumber-diseased,cucumber_photo_2020-06-27_23-51-01.jpg,cucumber,diseased,No
cucumber-diseased,cucumber_photo_2020-06-27_23-51-29.jpg,cucumber,diseased,No
cucumber-diseased,cucumber_IMG20200629182147_01.jpg,cucumber,diseased,No
cucumber-diseased,cucumber_IMG20200629182716_01.jpg,cucumber,diseased,No
cucumber-diseased,cucumber_photo_2020-06-27_23-51-00.jpg,cucumber,diseased,No
cucumber-diseased,cucumber_photo_2020-06-27_23-51-14.jpg,cucumber,diseased,No
cucumber-diseased,cucumber_IMG20200629182516.jpg,cucumber,diseased,No
cucumber-diseased,cucumber_photo_2020-06-27_23-53-39.jpg,cucumber,diseased,No
cucumber-diseased,cucumber_photo_2020-06-27_23-54-24.jpg,cucumber,diseased,No
cucumber-diseased,cucumber_photo_2020-06-27_23-54-18.jpg,cucumber,diseased,No
cucumber-diseased,cucumber_IMG20200629182310.jpg,cucumber,diseased,No
cucumber-diseased,cucumber_IMG20200629182304.jpg,cucumber,diseased,No
cucumber-diseased,cucumber_photo_2020-06-27_23-50-54.jpg,cucumber,diseased,No
cucumber-diseased,cucumber_IMG20200629182632_01.jpg,cucumber,diseased,No
cucumber-diseased,cucumber_IMG20200629182106.jpg,cucumber,diseased,No
cucumber-diseased,cucumber_photo_2020-06-27_23-54-20.jpg,cucumber,diseased,No
cucumber-diseased,cucumber_photo_2020-06-27_23-53-29.jpg,cucumber,diseased,No
cucumber-diseased,cucumber_photo_2020-06-27_23-54-34.jpg,cucumber,diseased,No
cucumber-diseased,cucumber_photo_2020-06-27_23-54-08.jpg,cucumber,diseased,No
cucumber-diseased,cucumber_IMG20200629182704.jpg,cucumber,diseased,No
cucumber-diseased,cucumber_photo_2020-06-27_23-55-48.jpg,cucumber,diseased,No
cucumber-diseased,cucumber_photo_2020-06-27_23-55-49.jpg,cucumber,diseased,No
cucumber-diseased,cucumber_photo_2020-06-27_23-51-05.jpg,cucumber,diseased,No
cucumber-diseased,cucumber_photo_2020-06-27_23-51-11.jpg,cucumber,diseased,No
cucumber-diseased,cucumber_IMG20200629182507.jpg,cucumber,diseased,No
cucumber-diseased,cucumber_photo_2020-06-27_23-54-09.jpg,cucumber,diseased,No
cucumber-diseased,cucumber_photo_2020-06-27_23-54-35.jpg,cucumber,diseased,No
cucumber-diseased,cucumber_photo_2020-06-27_23-54-32 (2).jpg,cucumber,diseased,No
cucumber-diseased,cucumber_photo_2020-06-27_23-54-21.jpg,cucumber,diseased,No
cucumber-diseased,cucumber_photo_2020-06-27_23-53-28.jpg,cucumber,diseased,No
cucumber-diseased,cucumber_IMG20200629182329.jpg,cucumber,diseased,No
cucumber-diseased,cucumber_IMG20200629182110_01.jpg,cucumber,diseased,No
cucumber-diseased,cucumber_photo_2020-06-27_23-50-51.jpg,cucumber,diseased,No
cucumber-diseased,cucumber_IMG20200629182129.jpg,cucumber,diseased,No
cucumber-diseased,cucumber_IMG20200629182317.jpg,cucumber,diseased,No
cucumber-diseased,cucumber_photo_2020-06-27_23-54-37.jpg,cucumber,diseased,No
cucumber-diseased,cucumber_photo_2020-06-27_23-51-13.jpg,cucumber,diseased,No
cucumber-diseased,cucumber_IMG20200629182713.jpg,cucumber,diseased,No
cucumber-diseased,cucumber_IMG20200629182048.jpg,cucumber,diseased,No
cucumber-diseased,cucumber_IMG20200629182712.jpg,cucumber,diseased,No
cucumber-diseased,cucumber_photo_2020-06-27_23-51-06.jpg,cucumber,diseased,No
cucumber-diseased,cucumber_IMG20200629182510.jpg,cucumber,diseased,No
cucumber-diseased,cucumber_photo_2020-06-27_23-54-22.jpg,cucumber,diseased,No
cucumber-diseased,cucumber_photo_2020-06-27_23-54-36.jpg,cucumber,diseased,No
cucumber-diseased,cucumber_IMG20200629182316.jpg,cucumber,diseased,No
cucumber-diseased,cucumber_photo_2020-06-27_23-50-52.jpg,cucumber,diseased,No
cucumber-diseased,cucumber_IMG20200629182358_01.jpg,cucumber,diseased,No
cucumber-diseased,cucumber_IMG20200629182128.jpg,cucumber,diseased,No
cucumber-diseased,cucumber_IMG20200629182726_01.jpg,cucumber,diseased,No
cucumber-diseased,cucumber_IMG20200629182359.jpg,cucumber,diseased,No
cucumber-diseased,cucumber_photo_2020-06-27_23-54-51.jpg,cucumber,diseased,No
cucumber-diseased,cucumber_photo_2020-06-27_23-53-58.jpg,cucumber,diseased,No
cucumber-diseased,cucumber_photo_2020-06-27_23-54-45.jpg,cucumber,diseased,No
cucumber-diseased,cucumber_IMG20200629182821_01.jpg,cucumber,diseased,No
cucumber-diseased,cucumber_IMG20200629182205.jpg,cucumber,diseased,No
cucumber-diseased,cucumber_IMG20200629182211.jpg,cucumber,diseased,No
cucumber-diseased,cucumber_IMG20200629182649_01.jpg,cucumber,diseased,No
cucumber-diseased,cucumber_IMG20200629182007.jpg,cucumber,diseased,No
cucumber-diseased,cucumber_photo_2020-06-27_23-55-05.jpg,cucumber,diseased,No
cucumber-diseased,cucumber_photo_2020-06-27_23-55-11.jpg,cucumber,diseased,No
cucumber-diseased,cucumber_photo_2020-06-27_23-55-39.jpg,cucumber,diseased,No
cucumber-diseased,cucumber_IMG20200629182153_01.jpg,cucumber,diseased,No
cucumber-diseased,cucumber_photo_2020-06-27_23-55-38.jpg,cucumber,diseased,No
cucumber-diseased,cucumber_photo_2020-06-27_23-55-10.jpg,cucumber,diseased,No
cucumber-diseased,cucumber_photo_2020-06-27_23-55-04.jpg,cucumber,diseased,No
cucumber-diseased,cucumber_IMG20200629182238.jpg,cucumber,diseased,No
cucumber-diseased,cucumber_photo_2020-06-27_23-54-44.jpg,cucumber,diseased,No
cucumber-diseased,cucumber_photo_2020-06-27_23-54-50.jpg,cucumber,diseased,No
cucumber-diseased,cucumber_IMG20200629182358.jpg,cucumber,diseased,No
cucumber-diseased,cucumber_IMG20200629182600.jpg,cucumber,diseased,No
cucumber-diseased,cucumber_IMG20200629182158.jpg,cucumber,diseased,No
cucumber-diseased,cucumber_IMG20200629182819.jpg,cucumber,diseased,No
cucumber-diseased,cucumber_IMG20200629182321_01.jpg,cucumber,diseased,No
cucumber-diseased,cucumber_photo_2020-06-27_23-54-46.jpg,cucumber,diseased,No
cucumber-diseased,cucumber_photo_2020-06-27_23-54-52.jpg,cucumber,diseased,No
cucumber-diseased,cucumber_IMG20200629182206.jpg,cucumber,diseased,No
cucumber-diseased,cucumber_photo_2020-06-27_23-53-40 (2).jpg,cucumber,diseased,No
cucumber-diseased,cucumber_IMG20200629182038.jpg,cucumber,diseased,No
cucumber-diseased,cucumber_photo_2020-06-27_23-55-12.jpg,cucumber,diseased,No
cucumber-diseased,cucumber_photo_2020-06-27_23-55-06.jpg,cucumber,diseased,No
cucumber-diseased,cucumber_photo_2020-06-27_23-55-07.jpg,cucumber,diseased,No
cucumber-diseased,cucumber_photo_2020-06-27_23-55-13.jpg,cucumber,diseased,No
cucumber-diseased,cucumber_IMG20200629182011.jpg,cucumber,diseased,No
cucumber-diseased,cucumber_IMG20200629182207.jpg,cucumber,diseased,No
cucumber-diseased,cucumber_IMG20200629182213.jpg,cucumber,diseased,No
cucumber-diseased,cucumber_IMG20200629182205_01.jpg,cucumber,diseased,No
cucumber-diseased,cucumber_photo_2020-06-27_23-54-53.jpg,cucumber,diseased,No
cucumber-diseased,cucumber_photo_2020-06-27_23-54-47.jpg,cucumber,diseased,No
cucumber-diseased,cucumber_IMG20200629182818.jpg,cucumber,diseased,No
cucumber-diseased,cucumber_IMG20200629182159.jpg,cucumber,diseased,No
cucumber-diseased,cucumber_IMG20200629182820.jpg,cucumber,diseased,No
cucumber-diseased,cucumber_IMG20200629182411.jpg,cucumber,diseased,No
cucumber-diseased,cucumber_photo_2020-06-27_23-53-33 (2).jpg,cucumber,diseased,No
cucumber-diseased,cucumber_photo_2020-06-27_23-54-43.jpg,cucumber,diseased,No
cucumber-diseased,cucumber_photo_2020-06-27_23-54-57.jpg,cucumber,diseased,No
cucumber-diseased,cucumber_photo_2020-06-27_23-51-16 (2).jpg,cucumber,diseased,No
cucumber-diseased,cucumber_photo_2020-06-27_23-53-51 (2).jpg,cucumber,diseased,No
cucumber-diseased,cucumber_IMG20200629182559.jpg,cucumber,diseased,No
cucumber-diseased,cucumber_photo_2020-06-27_23-55-17.jpg,cucumber,diseased,No
cucumber-diseased,cucumber_photo_2020-06-27_23-55-03.jpg,cucumber,diseased,No
cucumber-diseased,cucumber_photo_2020-06-27_23-55-02.jpg,cucumber,diseased,No
cucumber-diseased,cucumber_IMG20200629182202.jpg,cucumber,diseased,No
cucumber-diseased,cucumber_photo_2020-06-27_23-54-56.jpg,cucumber,diseased,No
cucumber-diseased,cucumber_photo_2020-06-27_23-54-42.jpg,cucumber,diseased,No
cucumber-diseased,cucumber_IMG20200629182410.jpg,cucumber,diseased,No
cucumber-diseased,cucumber_IMG20200629182821.jpg,cucumber,diseased,No
cucumber-diseased,cucumber_photo_2020-06-27_23-55-11 (2).jpg,cucumber,diseased,No
cucumber-diseased,cucumber_IMG20200629182809.jpg,cucumber,diseased,No
cucumber-diseased,cucumber_IMG20200629182148.jpg,cucumber,diseased,No
cucumber-diseased,cucumber_IMG20200629182638.jpg,cucumber,diseased,No
cucumber-diseased,cucumber_photo_2020-06-27_23-50-30.jpg,cucumber,diseased,No
cucumber-diseased,cucumber_photo_2020-06-27_23-50-54 (2).jpg,cucumber,diseased,No
cucumber-diseased,cucumber_photo_2020-06-27_23-55-27 (2).jpg,cucumber,diseased,No
cucumber-diseased,cucumber_IMG20200629182104_01.jpg,cucumber,diseased,No
cucumber-diseased,cucumber_IMG20200629182412.jpg,cucumber,diseased,No
cucumber-diseased,cucumber_photo_2020-06-27_23-54-54.jpg,cucumber,diseased,No
cucumber-diseased,cucumber_photo_2020-06-27_23-54-40.jpg,cucumber,diseased,No
cucumber-diseased,cucumber_photo_2020-06-27_23-53-49.jpg,cucumber,diseased,No
cucumber-diseased,cucumber_IMG20200629182200.jpg,cucumber,diseased,No
cucumber-diseased,cucumber_IMG20200629182214.jpg,cucumber,diseased,No
cucumber-diseased,cucumber_IMG20200629182002.jpg,cucumber,diseased,No
cucumber-diseased,cucumber_IMG20200629182758.jpg,cucumber,diseased,No
cucumber-diseased,cucumber_IMG20200629182759_01.jpg,cucumber,diseased,No
cucumber-diseased,cucumber_photo_2020-06-27_23-55-00.jpg,cucumber,diseased,No
cucumber-diseased,cucumber_photo_2020-06-27_23-55-14.jpg,cucumber,diseased,No
cucumber-diseased,cucumber_photo_2020-06-27_23-55-15.jpg,cucumber,diseased,No
cucumber-diseased,cucumber_photo_2020-06-27_23-55-01.jpg,cucumber,diseased,No
cucumber-diseased,cucumber_IMG20200629182819_01.jpg,cucumber,diseased,No
cucumber-diseased,cucumber_photo_2020-06-27_23-55-29.jpg,cucumber,diseased,No
cucumber-diseased,cucumber_IMG20200629182759.jpg,cucumber,diseased,No
cucumber-diseased,cucumber_photo_2020-06-27_23-55-08 (2).jpg,cucumber,diseased,No
cucumber-diseased,cucumber_IMG20200629182215.jpg,cucumber,diseased,No
cucumber-diseased,cucumber_photo_2020-06-27_23-54-21 (2).jpg,cucumber,diseased,No
cucumber-diseased,cucumber_IMG20200629182201.jpg,cucumber,diseased,No
cucumber-diseased,cucumber_photo_2020-06-27_23-54-41.jpg,cucumber,diseased,No
cucumber-diseased,cucumber_photo_2020-06-27_23-53-48.jpg,cucumber,diseased,No
cucumber-diseased,cucumber_photo_2020-06-27_23-54-55.jpg,cucumber,diseased,No
cucumber-diseased,cucumber_IMG20200629182132_01.jpg,cucumber,diseased,No
cucumber-diseased,cucumber_photo_2020-06-27_23-50-19.jpg,cucumber,diseased,No
cucumber-diseased,cucumber_IMG20200629182639.jpg,cucumber,diseased,No
